architecture,accuracy,flops,params
"{""normal/2/0/input"":0,""normal/2/0/op"":""dil_conv_5x5"",""normal/2/1/input"":1,""normal/2/1/op"":""avg_pool_3x3"",""normal/3/0/input"":1,""normal/3/0/op"":""sep_conv_3x3"",""normal/3/1/input"":0,""normal/3/1/op"":""dil_conv_3x3"",""normal/4/0/input"":3,""normal/4/0/op"":""avg_pool_3x3"",""normal/4/1/input"":1,""normal/4/1/op"":""skip_connect"",""normal/5/0/input"":2,""normal/5/0/op"":""sep_conv_3x3"",""normal/5/1/input"":1,""normal/5/1/op"":""sep_conv_3x3"",""reduce/2/0/input"":0,""reduce/2/0/op"":""max_pool_3x3"",""reduce/2/1/input"":1,""reduce/2/1/op"":""avg_pool_3x3"",""reduce/3/0/input"":1,""reduce/3/0/op"":""dil_conv_5x5"",""reduce/3/1/input"":0,""reduce/3/1/op"":""sep_conv_3x3"",""reduce/4/0/input"":0,""reduce/4/0/op"":""avg_pool_3x3"",""reduce/4/1/input"":2,""reduce/4/1/op"":""dil_conv_5x5"",""reduce/5/0/input"":3,""reduce/5/0/op"":""dil_conv_5x5"",""reduce/5/1/input"":0,""reduce/5/1/op"":""avg_pool_3x3""}",0.9703,442346112,2985598
"{""normal/2/0/input"":1,""normal/2/0/op"":""skip_connect"",""normal/2/1/input"":0,""normal/2/1/op"":""dil_conv_5x5"",""normal/3/0/input"":1,""normal/3/0/op"":""dil_conv_5x5"",""normal/3/1/input"":2,""normal/3/1/op"":""max_pool_3x3"",""normal/4/0/input"":2,""normal/4/0/op"":""sep_conv_5x5"",""normal/4/1/input"":1,""normal/4/1/op"":""skip_connect"",""normal/5/0/input"":2,""normal/5/0/op"":""dil_conv_3x3"",""normal/5/1/input"":3,""normal/5/1/op"":""sep_conv_5x5"",""reduce/2/0/input"":1,""reduce/2/0/op"":""dil_conv_3x3"",""reduce/2/1/input"":0,""reduce/2/1/op"":""skip_connect"",""reduce/3/0/input"":0,""reduce/3/0/op"":""dil_conv_5x5"",""reduce/3/1/input"":1,""reduce/3/1/op"":""sep_conv_3x3"",""reduce/4/0/input"":1,""reduce/4/0/op"":""sep_conv_3x3"",""reduce/4/1/input"":0,""reduce/4/1/op"":""sep_conv_3x3"",""reduce/5/0/input"":2,""reduce/5/0/op"":""sep_conv_5x5"",""reduce/5/1/input"":1,""reduce/5/1/op"":""skip_connect""}",0.9652,447129216,3120814
"{""normal/2/0/input"":0,""normal/2/0/op"":""max_pool_3x3"",""normal/2/1/input"":1,""normal/2/1/op"":""skip_connect"",""normal/3/0/input"":2,""normal/3/0/op"":""dil_conv_3x3"",""normal/3/1/input"":0,""normal/3/1/op"":""skip_connect"",""normal/4/0/input"":1,""normal/4/0/op"":""dil_conv_5x5"",""normal/4/1/input"":3,""normal/4/1/op"":""dil_conv_3x3"",""normal/5/0/input"":1,""normal/5/0/op"":""max_pool_3x3"",""normal/5/1/input"":4,""normal/5/1/op"":""skip_connect"",""reduce/2/0/input"":1,""reduce/2/0/op"":""skip_connect"",""reduce/2/1/input"":0,""reduce/2/1/op"":""max_pool_3x3"",""reduce/3/0/input"":0,""reduce/3/0/op"":""dil_conv_3x3"",""reduce/3/1/input"":1,""reduce/3/1/op"":""dil_conv_5x5"",""reduce/4/0/input"":0,""reduce/4/0/op"":""max_pool_3x3"",""reduce/4/1/input"":3,""reduce/4/1/op"":""avg_pool_3x3"",""reduce/5/0/input"":1,""reduce/5/0/op"":""skip_connect"",""reduce/5/1/input"":2,""reduce/5/1/op"":""sep_conv_3x3""}",0.9681,315110016,2103454
"{""normal/2/0/input"":0,""normal/2/0/op"":""skip_connect"",""normal/2/1/input"":1,""normal/2/1/op"":""skip_connect"",""normal/3/0/input"":1,""normal/3/0/op"":""sep_conv_5x5"",""normal/3/1/input"":2,""normal/3/1/op"":""sep_conv_5x5"",""normal/4/0/input"":0,""normal/4/0/op"":""max_pool_3x3"",""normal/4/1/input"":1,""normal/4/1/op"":""dil_conv_5x5"",""normal/5/0/input"":0,""normal/5/0/op"":""sep_conv_3x3"",""normal/5/1/input"":4,""normal/5/1/op"":""skip_connect"",""reduce/2/0/input"":0,""reduce/2/0/op"":""sep_conv_3x3"",""reduce/2/1/input"":1,""reduce/2/1/op"":""skip_connect"",""reduce/3/0/input"":1,""reduce/3/0/op"":""dil_conv_3x3"",""reduce/3/1/input"":2,""reduce/3/1/op"":""avg_pool_3x3"",""reduce/4/0/input"":0,""reduce/4/0/op"":""sep_conv_5x5"",""reduce/4/1/input"":2,""reduce/4/1/op"":""sep_conv_5x5"",""reduce/5/0/input"":1,""reduce/5/0/op"":""avg_pool_3x3"",""reduce/5/1/input"":3,""reduce/5/1/op"":""sep_conv_3x3""}",0.9724,445746816,3045430
"{""normal/2/0/input"":1,""normal/2/0/op"":""max_pool_3x3"",""normal/2/1/input"":0,""normal/2/1/op"":""skip_connect"",""normal/3/0/input"":1,""normal/3/0/op"":""max_pool_3x3"",""normal/3/1/input"":2,""normal/3/1/op"":""max_pool_3x3"",""normal/4/0/input"":3,""normal/4/0/op"":""sep_conv_5x5"",""normal/4/1/input"":1,""normal/4/1/op"":""max_pool_3x3"",""normal/5/0/input"":2,""normal/5/0/op"":""dil_conv_5x5"",""normal/5/1/input"":3,""normal/5/1/op"":""dil_conv_3x3"",""reduce/2/0/input"":1,""reduce/2/0/op"":""avg_pool_3x3"",""reduce/2/1/input"":0,""reduce/2/1/op"":""sep_conv_5x5"",""reduce/3/0/input"":0,""reduce/3/0/op"":""skip_connect"",""reduce/3/1/input"":2,""reduce/3/1/op"":""max_pool_3x3"",""reduce/4/0/input"":3,""reduce/4/0/op"":""skip_connect"",""reduce/4/1/input"":0,""reduce/4/1/op"":""dil_conv_5x5"",""reduce/5/0/input"":3,""reduce/5/0/op"":""skip_connect"",""reduce/5/1/input"":2,""reduce/5/1/op"":""dil_conv_5x5""}",0.9672,346462848,2315782
"{""normal/2/0/input"":1,""normal/2/0/op"":""skip_connect"",""normal/2/1/input"":0,""normal/2/1/op"":""skip_connect"",""normal/3/0/input"":2,""normal/3/0/op"":""dil_conv_5x5"",""normal/3/1/input"":1,""normal/3/1/op"":""avg_pool_3x3"",""normal/4/0/input"":1,""normal/4/0/op"":""sep_conv_3x3"",""normal/4/1/input"":0,""normal/4/1/op"":""avg_pool_3x3"",""normal/5/0/input"":0,""normal/5/0/op"":""sep_conv_3x3"",""normal/5/1/input"":2,""normal/5/1/op"":""sep_conv_5x5"",""reduce/2/0/input"":0,""reduce/2/0/op"":""avg_pool_3x3"",""reduce/2/1/input"":1,""reduce/2/1/op"":""sep_conv_3x3"",""reduce/3/0/input"":1,""reduce/3/0/op"":""skip_connect"",""reduce/3/1/input"":0,""reduce/3/1/op"":""max_pool_3x3"",""reduce/4/0/input"":0,""reduce/4/0/op"":""dil_conv_3x3"",""reduce/4/1/input"":3,""reduce/4/1/op"":""skip_connect"",""reduce/5/0/input"":3,""reduce/5/0/op"":""skip_connect"",""reduce/5/1/input"":2,""reduce/5/1/op"":""skip_connect""}",0.9701,421997184,2813446
"{""normal/2/0/input"":1,""normal/2/0/op"":""sep_conv_5x5"",""normal/2/1/input"":0,""normal/2/1/op"":""max_pool_3x3"",""normal/3/0/input"":2,""normal/3/0/op"":""dil_conv_3x3"",""normal/3/1/input"":0,""normal/3/1/op"":""skip_connect"",""normal/4/0/input"":2,""normal/4/0/op"":""dil_conv_5x5"",""normal/4/1/input"":3,""normal/4/1/op"":""sep_conv_5x5"",""normal/5/0/input"":4,""normal/5/0/op"":""dil_conv_5x5"",""normal/5/1/input"":3,""normal/5/1/op"":""avg_pool_3x3"",""reduce/2/0/input"":0,""reduce/2/0/op"":""skip_connect"",""reduce/2/1/input"":1,""reduce/2/1/op"":""sep_conv_3x3"",""reduce/3/0/input"":1,""reduce/3/0/op"":""dil_conv_5x5"",""reduce/3/1/input"":0,""reduce/3/1/op"":""dil_conv_3x3"",""reduce/4/0/input"":1,""reduce/4/0/op"":""dil_conv_5x5"",""reduce/4/1/input"":0,""reduce/4/1/op"":""skip_connect"",""reduce/5/0/input"":0,""reduce/5/0/op"":""avg_pool_3x3"",""reduce/5/1/input"":2,""reduce/5/1/op"":""sep_conv_3x3""}",0.9725,438226560,3032470
"{""normal/2/0/input"":1,""normal/2/0/op"":""skip_connect"",""normal/2/1/input"":0,""normal/2/1/op"":""avg_pool_3x3"",""normal/3/0/input"":1,""normal/3/0/op"":""skip_connect"",""normal/3/1/input"":2,""normal/3/1/op"":""avg_pool_3x3"",""normal/4/0/input"":2,""normal/4/0/op"":""sep_conv_5x5"",""normal/4/1/input"":1,""normal/4/1/op"":""dil_conv_5x5"",""normal/5/0/input"":4,""normal/5/0/op"":""max_pool_3x3"",""normal/5/1/input"":1,""normal/5/1/op"":""dil_conv_5x5"",""reduce/2/0/input"":0,""reduce/2/0/op"":""skip_connect"",""reduce/2/1/input"":1,""reduce/2/1/op"":""dil_conv_5x5"",""reduce/3/0/input"":1,""reduce/3/0/op"":""skip_connect"",""reduce/3/1/input"":0,""reduce/3/1/op"":""dil_conv_5x5"",""reduce/4/0/input"":0,""reduce/4/0/op"":""max_pool_3x3"",""reduce/4/1/input"":2,""reduce/4/1/op"":""dil_conv_3x3"",""reduce/5/0/input"":2,""reduce/5/0/op"":""dil_conv_3x3"",""reduce/5/1/input"":4,""reduce/5/1/op"":""dil_conv_3x3""}",0.9645,351080064,2387710
"{""normal/2/0/input"":1,""normal/2/0/op"":""sep_conv_3x3"",""normal/2/1/input"":0,""normal/2/1/op"":""avg_pool_3x3"",""normal/3/0/input"":2,""normal/3/0/op"":""max_pool_3x3"",""normal/3/1/input"":1,""normal/3/1/op"":""dil_conv_5x5"",""normal/4/0/input"":1,""normal/4/0/op"":""dil_conv_3x3"",""normal/4/1/input"":0,""normal/4/1/op"":""skip_connect"",""normal/5/0/input"":2,""normal/5/0/op"":""sep_conv_3x3"",""normal/5/1/input"":4,""normal/5/1/op"":""dil_conv_3x3"",""reduce/2/0/input"":0,""reduce/2/0/op"":""avg_pool_3x3"",""reduce/2/1/input"":1,""reduce/2/1/op"":""max_pool_3x3"",""reduce/3/0/input"":1,""reduce/3/0/op"":""skip_connect"",""reduce/3/1/input"":0,""reduce/3/1/op"":""dil_conv_5x5"",""reduce/4/0/input"":1,""reduce/4/0/op"":""sep_conv_3x3"",""reduce/4/1/input"":0,""reduce/4/1/op"":""dil_conv_3x3"",""reduce/5/0/input"":2,""reduce/5/0/op"":""sep_conv_3x3"",""reduce/5/1/input"":1,""reduce/5/1/op"":""max_pool_3x3""}",0.969,420531840,2853406
"{""normal/2/0/input"":1,""normal/2/0/op"":""max_pool_3x3"",""normal/2/1/input"":0,""normal/2/1/op"":""dil_conv_3x3"",""normal/3/0/input"":0,""normal/3/0/op"":""sep_conv_5x5"",""normal/3/1/input"":1,""normal/3/1/op"":""dil_conv_5x5"",""normal/4/0/input"":3,""normal/4/0/op"":""avg_pool_3x3"",""normal/4/1/input"":0,""normal/4/1/op"":""sep_conv_5x5"",""normal/5/0/input"":2,""normal/5/0/op"":""skip_connect"",""normal/5/1/input"":3,""normal/5/1/op"":""sep_conv_3x3"",""reduce/2/0/input"":0,""reduce/2/0/op"":""avg_pool_3x3"",""reduce/2/1/input"":1,""reduce/2/1/op"":""avg_pool_3x3"",""reduce/3/0/input"":2,""reduce/3/0/op"":""dil_conv_5x5"",""reduce/3/1/input"":1,""reduce/3/1/op"":""sep_conv_3x3"",""reduce/4/0/input"":1,""reduce/4/0/op"":""sep_conv_3x3"",""reduce/4/1/input"":3,""reduce/4/1/op"":""sep_conv_5x5"",""reduce/5/0/input"":1,""reduce/5/0/op"":""dil_conv_5x5"",""reduce/5/1/input"":4,""reduce/5/1/op"":""dil_conv_3x3""}",0.9688,466289280,3199006
"{""normal/2/0/input"":0,""normal/2/0/op"":""dil_conv_3x3"",""normal/2/1/input"":1,""normal/2/1/op"":""dil_conv_3x3"",""normal/3/0/input"":0,""normal/3/0/op"":""sep_conv_3x3"",""normal/3/1/input"":1,""normal/3/1/op"":""dil_conv_5x5"",""normal/4/0/input"":0,""normal/4/0/op"":""sep_conv_5x5"",""normal/4/1/input"":3,""normal/4/1/op"":""dil_conv_5x5"",""normal/5/0/input"":1,""normal/5/0/op"":""sep_conv_5x5"",""normal/5/1/input"":0,""normal/5/1/op"":""sep_conv_3x3"",""reduce/2/0/input"":0,""reduce/2/0/op"":""avg_pool_3x3"",""reduce/2/1/input"":1,""reduce/2/1/op"":""sep_conv_3x3"",""reduce/3/0/input"":1,""reduce/3/0/op"":""max_pool_3x3"",""reduce/3/1/input"":0,""reduce/3/1/op"":""skip_connect"",""reduce/4/0/input"":2,""reduce/4/0/op"":""sep_conv_3x3"",""reduce/4/1/input"":1,""reduce/4/1/op"":""dil_conv_3x3"",""reduce/5/0/input"":1,""reduce/5/0/op"":""dil_conv_5x5"",""reduce/5/1/input"":2,""reduce/5/1/op"":""max_pool_3x3""}",0.9705,559324800,3874006
"{""normal/2/0/input"":0,""normal/2/0/op"":""sep_conv_3x3"",""normal/2/1/input"":1,""normal/2/1/op"":""dil_conv_3x3"",""normal/3/0/input"":0,""normal/3/0/op"":""skip_connect"",""normal/3/1/input"":1,""normal/3/1/op"":""skip_connect"",""normal/4/0/input"":3,""normal/4/0/op"":""dil_conv_3x3"",""normal/4/1/input"":1,""normal/4/1/op"":""avg_pool_3x3"",""normal/5/0/input"":3,""normal/5/0/op"":""avg_pool_3x3"",""normal/5/1/input"":0,""normal/5/1/op"":""sep_conv_3x3"",""reduce/2/0/input"":0,""reduce/2/0/op"":""max_pool_3x3"",""reduce/2/1/input"":1,""reduce/2/1/op"":""max_pool_3x3"",""reduce/3/0/input"":1,""reduce/3/0/op"":""dil_conv_5x5"",""reduce/3/1/input"":2,""reduce/3/1/op"":""skip_connect"",""reduce/4/0/input"":0,""reduce/4/0/op"":""skip_connect"",""reduce/4/1/input"":3,""reduce/4/1/op"":""dil_conv_5x5"",""reduce/5/0/input"":0,""reduce/5/0/op"":""dil_conv_3x3"",""reduce/5/1/input"":4,""reduce/5/1/op"":""max_pool_3x3""}",0.9706,388183680,2567854
"{""normal/2/0/input"":1,""normal/2/0/op"":""sep_conv_3x3"",""normal/2/1/input"":0,""normal/2/1/op"":""sep_conv_3x3"",""normal/3/0/input"":0,""normal/3/0/op"":""sep_conv_5x5"",""normal/3/1/input"":1,""normal/3/1/op"":""skip_connect"",""normal/4/0/input"":3,""normal/4/0/op"":""avg_pool_3x3"",""normal/4/1/input"":1,""normal/4/1/op"":""dil_conv_3x3"",""normal/5/0/input"":1,""normal/5/0/op"":""sep_conv_3x3"",""normal/5/1/input"":0,""normal/5/1/op"":""sep_conv_5x5"",""reduce/2/0/input"":0,""reduce/2/0/op"":""sep_conv_5x5"",""reduce/2/1/input"":1,""reduce/2/1/op"":""sep_conv_3x3"",""reduce/3/0/input"":1,""reduce/3/0/op"":""sep_conv_5x5"",""reduce/3/1/input"":0,""reduce/3/1/op"":""sep_conv_5x5"",""reduce/4/0/input"":2,""reduce/4/0/op"":""sep_conv_3x3"",""reduce/4/1/input"":1,""reduce/4/1/op"":""sep_conv_5x5"",""reduce/5/0/input"":2,""reduce/5/0/op"":""dil_conv_3x3"",""reduce/5/1/input"":4,""reduce/5/1/op"":""skip_connect""}",0.9712,557610624,3841606
"{""normal/2/0/input"":0,""normal/2/0/op"":""sep_conv_3x3"",""normal/2/1/input"":1,""normal/2/1/op"":""sep_conv_3x3"",""normal/3/0/input"":2,""normal/3/0/op"":""max_pool_3x3"",""normal/3/1/input"":1,""normal/3/1/op"":""sep_conv_5x5"",""normal/4/0/input"":2,""normal/4/0/op"":""avg_pool_3x3"",""normal/4/1/input"":0,""normal/4/1/op"":""dil_conv_3x3"",""normal/5/0/input"":1,""normal/5/0/op"":""sep_conv_5x5"",""normal/5/1/input"":4,""normal/5/1/op"":""dil_conv_3x3"",""reduce/2/0/input"":0,""reduce/2/0/op"":""dil_conv_3x3"",""reduce/2/1/input"":1,""reduce/2/1/op"":""avg_pool_3x3"",""reduce/3/0/input"":1,""reduce/3/0/op"":""sep_conv_5x5"",""reduce/3/1/input"":2,""reduce/3/1/op"":""sep_conv_3x3"",""reduce/4/0/input"":2,""reduce/4/0/op"":""dil_conv_5x5"",""reduce/4/1/input"":0,""reduce/4/1/op"":""max_pool_3x3"",""reduce/5/0/input"":3,""reduce/5/0/op"":""sep_conv_5x5"",""reduce/5/1/input"":2,""reduce/5/1/op"":""sep_conv_3x3""}",0.9708,520894080,3566422
"{""normal/2/0/input"":0,""normal/2/0/op"":""avg_pool_3x3"",""normal/2/1/input"":1,""normal/2/1/op"":""sep_conv_5x5"",""normal/3/0/input"":1,""normal/3/0/op"":""max_pool_3x3"",""normal/3/1/input"":2,""normal/3/1/op"":""avg_pool_3x3"",""normal/4/0/input"":1,""normal/4/0/op"":""sep_conv_5x5"",""normal/4/1/input"":2,""normal/4/1/op"":""sep_conv_5x5"",""normal/5/0/input"":1,""normal/5/0/op"":""avg_pool_3x3"",""normal/5/1/input"":3,""normal/5/1/op"":""avg_pool_3x3"",""reduce/2/0/input"":1,""reduce/2/0/op"":""sep_conv_5x5"",""reduce/2/1/input"":0,""reduce/2/1/op"":""skip_connect"",""reduce/3/0/input"":2,""reduce/3/0/op"":""skip_connect"",""reduce/3/1/input"":0,""reduce/3/1/op"":""max_pool_3x3"",""reduce/4/0/input"":1,""reduce/4/0/op"":""avg_pool_3x3"",""reduce/4/1/input"":3,""reduce/4/1/op"":""skip_connect"",""reduce/5/0/input"":2,""reduce/5/0/op"":""avg_pool_3x3"",""reduce/5/1/input"":1,""reduce/5/1/op"":""dil_conv_5x5""}",0.9645,410937984,2716462
"{""normal/2/0/input"":0,""normal/2/0/op"":""sep_conv_5x5"",""normal/2/1/input"":1,""normal/2/1/op"":""max_pool_3x3"",""normal/3/0/input"":2,""normal/3/0/op"":""dil_conv_5x5"",""normal/3/1/input"":0,""normal/3/1/op"":""skip_connect"",""normal/4/0/input"":2,""normal/4/0/op"":""skip_connect"",""normal/4/1/input"":0,""normal/4/1/op"":""sep_conv_3x3"",""normal/5/0/input"":2,""normal/5/0/op"":""max_pool_3x3"",""normal/5/1/input"":0,""normal/5/1/op"":""sep_conv_3x3"",""reduce/2/0/input"":0,""reduce/2/0/op"":""sep_conv_3x3"",""reduce/2/1/input"":1,""reduce/2/1/op"":""sep_conv_5x5"",""reduce/3/0/input"":0,""reduce/3/0/op"":""skip_connect"",""reduce/3/1/input"":2,""reduce/3/1/op"":""sep_conv_5x5"",""reduce/4/0/input"":1,""reduce/4/0/op"":""dil_conv_3x3"",""reduce/4/1/input"":3,""reduce/4/1/op"":""sep_conv_3x3"",""reduce/5/0/input"":2,""reduce/5/0/op"":""avg_pool_3x3"",""reduce/5/1/input"":4,""reduce/5/1/op"":""avg_pool_3x3""}",0.971,439553664,2997046
"{""normal/2/0/input"":0,""normal/2/0/op"":""sep_conv_3x3"",""normal/2/1/input"":1,""normal/2/1/op"":""skip_connect"",""normal/3/0/input"":0,""normal/3/0/op"":""max_pool_3x3"",""normal/3/1/input"":2,""normal/3/1/op"":""dil_conv_3x3"",""normal/4/0/input"":2,""normal/4/0/op"":""avg_pool_3x3"",""normal/4/1/input"":1,""normal/4/1/op"":""max_pool_3x3"",""normal/5/0/input"":1,""normal/5/0/op"":""sep_conv_5x5"",""normal/5/1/input"":4,""normal/5/1/op"":""sep_conv_5x5"",""reduce/2/0/input"":1,""reduce/2/0/op"":""dil_conv_5x5"",""reduce/2/1/input"":0,""reduce/2/1/op"":""max_pool_3x3"",""reduce/3/0/input"":1,""reduce/3/0/op"":""sep_conv_3x3"",""reduce/3/1/input"":0,""reduce/3/1/op"":""max_pool_3x3"",""reduce/4/0/input"":1,""reduce/4/0/op"":""dil_conv_5x5"",""reduce/4/1/input"":3,""reduce/4/1/op"":""dil_conv_3x3"",""reduce/5/0/input"":0,""reduce/5/0/op"":""dil_conv_5x5"",""reduce/5/1/input"":2,""reduce/5/1/op"":""avg_pool_3x3""}",0.9707,433498752,2906542
"{""normal/2/0/input"":1,""normal/2/0/op"":""sep_conv_5x5"",""normal/2/1/input"":0,""normal/2/1/op"":""avg_pool_3x3"",""normal/3/0/input"":1,""normal/3/0/op"":""dil_conv_5x5"",""normal/3/1/input"":2,""normal/3/1/op"":""dil_conv_3x3"",""normal/4/0/input"":0,""normal/4/0/op"":""sep_conv_5x5"",""normal/4/1/input"":3,""normal/4/1/op"":""dil_conv_3x3"",""normal/5/0/input"":1,""normal/5/0/op"":""dil_conv_3x3"",""normal/5/1/input"":0,""normal/5/1/op"":""dil_conv_3x3"",""reduce/2/0/input"":1,""reduce/2/0/op"":""skip_connect"",""reduce/2/1/input"":0,""reduce/2/1/op"":""dil_conv_3x3"",""reduce/3/0/input"":0,""reduce/3/0/op"":""dil_conv_3x3"",""reduce/3/1/input"":1,""reduce/3/1/op"":""dil_conv_3x3"",""reduce/4/0/input"":3,""reduce/4/0/op"":""dil_conv_5x5"",""reduce/4/1/input"":0,""reduce/4/1/op"":""sep_conv_5x5"",""reduce/5/0/input"":0,""reduce/5/0/op"":""dil_conv_3x3"",""reduce/5/1/input"":1,""reduce/5/1/op"":""skip_connect""}",0.971,486195840,3371590
"{""normal/2/0/input"":1,""normal/2/0/op"":""max_pool_3x3"",""normal/2/1/input"":0,""normal/2/1/op"":""skip_connect"",""normal/3/0/input"":0,""normal/3/0/op"":""avg_pool_3x3"",""normal/3/1/input"":1,""normal/3/1/op"":""dil_conv_3x3"",""normal/4/0/input"":2,""normal/4/0/op"":""max_pool_3x3"",""normal/4/1/input"":1,""normal/4/1/op"":""max_pool_3x3"",""normal/5/0/input"":4,""normal/5/0/op"":""dil_conv_3x3"",""normal/5/1/input"":2,""normal/5/1/op"":""max_pool_3x3"",""reduce/2/0/input"":1,""reduce/2/0/op"":""sep_conv_3x3"",""reduce/2/1/input"":0,""reduce/2/1/op"":""sep_conv_3x3"",""reduce/3/0/input"":2,""reduce/3/0/op"":""avg_pool_3x3"",""reduce/3/1/input"":1,""reduce/3/1/op"":""avg_pool_3x3"",""reduce/4/0/input"":2,""reduce/4/0/op"":""dil_conv_5x5"",""reduce/4/1/input"":3,""reduce/4/1/op"":""sep_conv_3x3"",""reduce/5/0/input"":3,""reduce/5/0/op"":""sep_conv_3x3"",""reduce/5/1/input"":0,""reduce/5/1/op"":""dil_conv_3x3""}",0.9656,302585472,2016406
"{""normal/2/0/input"":0,""normal/2/0/op"":""skip_connect"",""normal/2/1/input"":1,""normal/2/1/op"":""sep_conv_3x3"",""normal/3/0/input"":2,""normal/3/0/op"":""skip_connect"",""normal/3/1/input"":1,""normal/3/1/op"":""sep_conv_3x3"",""normal/4/0/input"":3,""normal/4/0/op"":""dil_conv_3x3"",""normal/4/1/input"":1,""normal/4/1/op"":""skip_connect"",""normal/5/0/input"":2,""normal/5/0/op"":""dil_conv_5x5"",""normal/5/1/input"":4,""normal/5/1/op"":""sep_conv_3x3"",""reduce/2/0/input"":1,""reduce/2/0/op"":""sep_conv_5x5"",""reduce/2/1/input"":0,""reduce/2/1/op"":""sep_conv_5x5"",""reduce/3/0/input"":2,""reduce/3/0/op"":""sep_conv_3x3"",""reduce/3/1/input"":0,""reduce/3/1/op"":""dil_conv_3x3"",""reduce/4/0/input"":0,""reduce/4/0/op"":""skip_connect"",""reduce/4/1/input"":2,""reduce/4/1/op"":""sep_conv_5x5"",""reduce/5/0/input"":1,""reduce/5/0/op"":""sep_conv_3x3"",""reduce/5/1/input"":0,""reduce/5/1/op"":""dil_conv_3x3""}",0.9731,465902208,3220390
"{""normal/2/0/input"":0,""normal/2/0/op"":""dil_conv_5x5"",""normal/2/1/input"":1,""normal/2/1/op"":""dil_conv_3x3"",""normal/3/0/input"":1,""normal/3/0/op"":""dil_conv_3x3"",""normal/3/1/input"":0,""normal/3/1/op"":""skip_connect"",""normal/4/0/input"":2,""normal/4/0/op"":""dil_conv_3x3"",""normal/4/1/input"":3,""normal/4/1/op"":""sep_conv_3x3"",""normal/5/0/input"":4,""normal/5/0/op"":""max_pool_3x3"",""normal/5/1/input"":0,""normal/5/1/op"":""avg_pool_3x3"",""reduce/2/0/input"":0,""reduce/2/0/op"":""sep_conv_5x5"",""reduce/2/1/input"":1,""reduce/2/1/op"":""dil_conv_3x3"",""reduce/3/0/input"":1,""reduce/3/0/op"":""dil_conv_5x5"",""reduce/3/1/input"":0,""reduce/3/1/op"":""dil_conv_5x5"",""reduce/4/0/input"":2,""reduce/4/0/op"":""avg_pool_3x3"",""reduce/4/1/input"":0,""reduce/4/1/op"":""max_pool_3x3"",""reduce/5/0/input"":4,""reduce/5/0/op"":""skip_connect"",""reduce/5/1/input"":0,""reduce/5/1/op"":""max_pool_3x3""}",0.9713,388045440,2629198
"{""normal/2/0/input"":1,""normal/2/0/op"":""dil_conv_5x5"",""normal/2/1/input"":0,""normal/2/1/op"":""sep_conv_3x3"",""normal/3/0/input"":1,""normal/3/0/op"":""sep_conv_5x5"",""normal/3/1/input"":2,""normal/3/1/op"":""skip_connect"",""normal/4/0/input"":1,""normal/4/0/op"":""dil_conv_3x3"",""normal/4/1/input"":0,""normal/4/1/op"":""skip_connect"",""normal/5/0/input"":0,""normal/5/0/op"":""dil_conv_5x5"",""normal/5/1/input"":4,""normal/5/1/op"":""sep_conv_3x3"",""reduce/2/0/input"":0,""reduce/2/0/op"":""skip_connect"",""reduce/2/1/input"":1,""reduce/2/1/op"":""dil_conv_5x5"",""reduce/3/0/input"":2,""reduce/3/0/op"":""avg_pool_3x3"",""reduce/3/1/input"":1,""reduce/3/1/op"":""avg_pool_3x3"",""reduce/4/0/input"":3,""reduce/4/0/op"":""skip_connect"",""reduce/4/1/input"":1,""reduce/4/1/op"":""max_pool_3x3"",""reduce/5/0/input"":2,""reduce/5/0/op"":""avg_pool_3x3"",""reduce/5/1/input"":4,""reduce/5/1/op"":""dil_conv_5x5""}",0.9715,466869888,3176110
"{""normal/2/0/input"":1,""normal/2/0/op"":""avg_pool_3x3"",""normal/2/1/input"":0,""normal/2/1/op"":""skip_connect"",""normal/3/0/input"":0,""normal/3/0/op"":""avg_pool_3x3"",""normal/3/1/input"":2,""normal/3/1/op"":""dil_conv_3x3"",""normal/4/0/input"":1,""normal/4/0/op"":""avg_pool_3x3"",""normal/4/1/input"":3,""normal/4/1/op"":""sep_conv_5x5"",""normal/5/0/input"":4,""normal/5/0/op"":""sep_conv_5x5"",""normal/5/1/input"":0,""normal/5/1/op"":""max_pool_3x3"",""reduce/2/0/input"":1,""reduce/2/0/op"":""avg_pool_3x3"",""reduce/2/1/input"":0,""reduce/2/1/op"":""skip_connect"",""reduce/3/0/input"":2,""reduce/3/0/op"":""skip_connect"",""reduce/3/1/input"":1,""reduce/3/1/op"":""avg_pool_3x3"",""reduce/4/0/input"":3,""reduce/4/0/op"":""dil_conv_5x5"",""reduce/4/1/input"":1,""reduce/4/1/op"":""dil_conv_5x5"",""reduce/5/0/input"":2,""reduce/5/0/op"":""sep_conv_5x5"",""reduce/5/1/input"":0,""reduce/5/1/op"":""skip_connect""}",0.9656,382681728,2546254
"{""normal/2/0/input"":0,""normal/2/0/op"":""sep_conv_3x3"",""normal/2/1/input"":1,""normal/2/1/op"":""sep_conv_5x5"",""normal/3/0/input"":1,""normal/3/0/op"":""dil_conv_3x3"",""normal/3/1/input"":0,""normal/3/1/op"":""sep_conv_5x5"",""normal/4/0/input"":2,""normal/4/0/op"":""sep_conv_3x3"",""normal/4/1/input"":1,""normal/4/1/op"":""sep_conv_3x3"",""normal/5/0/input"":3,""normal/5/0/op"":""sep_conv_3x3"",""normal/5/1/input"":1,""normal/5/1/op"":""dil_conv_3x3"",""reduce/2/0/input"":0,""reduce/2/0/op"":""avg_pool_3x3"",""reduce/2/1/input"":1,""reduce/2/1/op"":""max_pool_3x3"",""reduce/3/0/input"":0,""reduce/3/0/op"":""max_pool_3x3"",""reduce/3/1/input"":1,""reduce/3/1/op"":""max_pool_3x3"",""reduce/4/0/input"":1,""reduce/4/0/op"":""sep_conv_5x5"",""reduce/4/1/input"":0,""reduce/4/1/op"":""dil_conv_3x3"",""reduce/5/0/input"":0,""reduce/5/0/op"":""sep_conv_5x5"",""reduce/5/1/input"":2,""reduce/5/1/op"":""avg_pool_3x3""}",0.9691,609644160,4141198
"{""normal/2/0/input"":0,""normal/2/0/op"":""max_pool_3x3"",""normal/2/1/input"":1,""normal/2/1/op"":""dil_conv_3x3"",""normal/3/0/input"":2,""normal/3/0/op"":""avg_pool_3x3"",""normal/3/1/input"":1,""normal/3/1/op"":""dil_conv_3x3"",""normal/4/0/input"":0,""normal/4/0/op"":""sep_conv_3x3"",""normal/4/1/input"":1,""normal/4/1/op"":""avg_pool_3x3"",""normal/5/0/input"":0,""normal/5/0/op"":""dil_conv_3x3"",""normal/5/1/input"":1,""normal/5/1/op"":""skip_connect"",""reduce/2/0/input"":0,""reduce/2/0/op"":""sep_conv_3x3"",""reduce/2/1/input"":1,""reduce/2/1/op"":""sep_conv_5x5"",""reduce/3/0/input"":0,""reduce/3/0/op"":""max_pool_3x3"",""reduce/3/1/input"":2,""reduce/3/1/op"":""sep_conv_5x5"",""reduce/4/0/input"":3,""reduce/4/0/op"":""skip_connect"",""reduce/4/1/input"":1,""reduce/4/1/op"":""sep_conv_3x3"",""reduce/5/0/input"":3,""reduce/5/0/op"":""avg_pool_3x3"",""reduce/5/1/input"":2,""reduce/5/1/op"":""dil_conv_5x5""}",0.9707,375963264,2541718
"{""normal/2/0/input"":1,""normal/2/0/op"":""dil_conv_5x5"",""normal/2/1/input"":0,""normal/2/1/op"":""skip_connect"",""normal/3/0/input"":0,""normal/3/0/op"":""dil_conv_3x3"",""normal/3/1/input"":2,""normal/3/1/op"":""dil_conv_3x3"",""normal/4/0/input"":3,""normal/4/0/op"":""sep_conv_5x5"",""normal/4/1/input"":1,""normal/4/1/op"":""max_pool_3x3"",""normal/5/0/input"":2,""normal/5/0/op"":""sep_conv_5x5"",""normal/5/1/input"":4,""normal/5/1/op"":""avg_pool_3x3"",""reduce/2/0/input"":0,""reduce/2/0/op"":""sep_conv_3x3"",""reduce/2/1/input"":1,""reduce/2/1/op"":""sep_conv_5x5"",""reduce/3/0/input"":2,""reduce/3/0/op"":""sep_conv_5x5"",""reduce/3/1/input"":0,""reduce/3/1/op"":""dil_conv_3x3"",""reduce/4/0/input"":2,""reduce/4/0/op"":""skip_connect"",""reduce/4/1/input"":0,""reduce/4/1/op"":""dil_conv_5x5"",""reduce/5/0/input"":0,""reduce/5/0/op"":""dil_conv_5x5"",""reduce/5/1/input"":1,""reduce/5/1/op"":""sep_conv_3x3""}",0.9709,444917376,3082582
"{""normal/2/0/input"":1,""normal/2/0/op"":""max_pool_3x3"",""normal/2/1/input"":0,""normal/2/1/op"":""sep_conv_5x5"",""normal/3/0/input"":1,""normal/3/0/op"":""avg_pool_3x3"",""normal/3/1/input"":0,""normal/3/1/op"":""sep_conv_5x5"",""normal/4/0/input"":3,""normal/4/0/op"":""sep_conv_5x5"",""normal/4/1/input"":2,""normal/4/1/op"":""dil_conv_3x3"",""normal/5/0/input"":0,""normal/5/0/op"":""avg_pool_3x3"",""normal/5/1/input"":4,""normal/5/1/op"":""dil_conv_5x5"",""reduce/2/0/input"":0,""reduce/2/0/op"":""dil_conv_3x3"",""reduce/2/1/input"":1,""reduce/2/1/op"":""sep_conv_3x3"",""reduce/3/0/input"":0,""reduce/3/0/op"":""avg_pool_3x3"",""reduce/3/1/input"":1,""reduce/3/1/op"":""max_pool_3x3"",""reduce/4/0/input"":2,""reduce/4/0/op"":""dil_conv_5x5"",""reduce/4/1/input"":0,""reduce/4/1/op"":""sep_conv_3x3"",""reduce/5/0/input"":0,""reduce/5/0/op"":""skip_connect"",""reduce/5/1/input"":1,""reduce/5/1/op"":""avg_pool_3x3""}",0.9674,466482816,3178486
"{""normal/2/0/input"":0,""normal/2/0/op"":""dil_conv_3x3"",""normal/2/1/input"":1,""normal/2/1/op"":""sep_conv_3x3"",""normal/3/0/input"":1,""normal/3/0/op"":""skip_connect"",""normal/3/1/input"":0,""normal/3/1/op"":""sep_conv_5x5"",""normal/4/0/input"":2,""normal/4/0/op"":""skip_connect"",""normal/4/1/input"":0,""normal/4/1/op"":""dil_conv_3x3"",""normal/5/0/input"":4,""normal/5/0/op"":""dil_conv_3x3"",""normal/5/1/input"":0,""normal/5/1/op"":""sep_conv_3x3"",""reduce/2/0/input"":0,""reduce/2/0/op"":""dil_conv_5x5"",""reduce/2/1/input"":1,""reduce/2/1/op"":""dil_conv_3x3"",""reduce/3/0/input"":2,""reduce/3/0/op"":""dil_conv_3x3"",""reduce/3/1/input"":0,""reduce/3/1/op"":""avg_pool_3x3"",""reduce/4/0/input"":0,""reduce/4/0/op"":""dil_conv_5x5"",""reduce/4/1/input"":2,""reduce/4/1/op"":""max_pool_3x3"",""reduce/5/0/input"":4,""reduce/5/0/op"":""avg_pool_3x3"",""reduce/5/1/input"":2,""reduce/5/1/op"":""avg_pool_3x3""}",0.9711,469524096,3157966
"{""normal/2/0/input"":1,""normal/2/0/op"":""sep_conv_5x5"",""normal/2/1/input"":0,""normal/2/1/op"":""dil_conv_5x5"",""normal/3/0/input"":0,""normal/3/0/op"":""avg_pool_3x3"",""normal/3/1/input"":1,""normal/3/1/op"":""skip_connect"",""normal/4/0/input"":3,""normal/4/0/op"":""max_pool_3x3"",""normal/4/1/input"":2,""normal/4/1/op"":""sep_conv_5x5"",""normal/5/0/input"":4,""normal/5/0/op"":""max_pool_3x3"",""normal/5/1/input"":3,""normal/5/1/op"":""skip_connect"",""reduce/2/0/input"":0,""reduce/2/0/op"":""dil_conv_3x3"",""reduce/2/1/input"":1,""reduce/2/1/op"":""sep_conv_5x5"",""reduce/3/0/input"":0,""reduce/3/0/op"":""sep_conv_3x3"",""reduce/3/1/input"":1,""reduce/3/1/op"":""dil_conv_3x3"",""reduce/4/0/input"":3,""reduce/4/0/op"":""sep_conv_5x5"",""reduce/4/1/input"":0,""reduce/4/1/op"":""max_pool_3x3"",""reduce/5/0/input"":4,""reduce/5/0/op"":""dil_conv_3x3"",""reduce/5/1/input"":0,""reduce/5/1/op"":""dil_conv_5x5""}",0.9669,394238592,2690974
"{""normal/2/0/input"":1,""normal/2/0/op"":""sep_conv_5x5"",""normal/2/1/input"":0,""normal/2/1/op"":""sep_conv_3x3"",""normal/3/0/input"":0,""normal/3/0/op"":""max_pool_3x3"",""normal/3/1/input"":1,""normal/3/1/op"":""sep_conv_3x3"",""normal/4/0/input"":1,""normal/4/0/op"":""dil_conv_5x5"",""normal/4/1/input"":0,""normal/4/1/op"":""max_pool_3x3"",""normal/5/0/input"":2,""normal/5/0/op"":""max_pool_3x3"",""normal/5/1/input"":0,""normal/5/1/op"":""sep_conv_5x5"",""reduce/2/0/input"":0,""reduce/2/0/op"":""avg_pool_3x3"",""reduce/2/1/input"":1,""reduce/2/1/op"":""max_pool_3x3"",""reduce/3/0/input"":2,""reduce/3/0/op"":""sep_conv_3x3"",""reduce/3/1/input"":0,""reduce/3/1/op"":""sep_conv_5x5"",""reduce/4/0/input"":3,""reduce/4/0/op"":""dil_conv_5x5"",""reduce/4/1/input"":1,""reduce/4/1/op"":""sep_conv_3x3"",""reduce/5/0/input"":0,""reduce/5/0/op"":""dil_conv_5x5"",""reduce/5/1/input"":3,""reduce/5/1/op"":""sep_conv_5x5""}",0.9709,497006208,3414142
"{""normal/2/0/input"":0,""normal/2/0/op"":""avg_pool_3x3"",""normal/2/1/input"":1,""normal/2/1/op"":""dil_conv_3x3"",""normal/3/0/input"":1,""normal/3/0/op"":""sep_conv_3x3"",""normal/3/1/input"":2,""normal/3/1/op"":""skip_connect"",""normal/4/0/input"":1,""normal/4/0/op"":""dil_conv_3x3"",""normal/4/1/input"":3,""normal/4/1/op"":""avg_pool_3x3"",""normal/5/0/input"":3,""normal/5/0/op"":""skip_connect"",""normal/5/1/input"":1,""normal/5/1/op"":""dil_conv_5x5"",""reduce/2/0/input"":0,""reduce/2/0/op"":""skip_connect"",""reduce/2/1/input"":1,""reduce/2/1/op"":""sep_conv_3x3"",""reduce/3/0/input"":0,""reduce/3/0/op"":""avg_pool_3x3"",""reduce/3/1/input"":1,""reduce/3/1/op"":""max_pool_3x3"",""reduce/4/0/input"":0,""reduce/4/0/op"":""sep_conv_3x3"",""reduce/4/1/input"":2,""reduce/4/1/op"":""max_pool_3x3"",""reduce/5/0/input"":4,""reduce/5/0/op"":""max_pool_3x3"",""reduce/5/1/input"":1,""reduce/5/1/op"":""sep_conv_5x5""}",0.9684,369963648,2497006
"{""normal/2/0/input"":0,""normal/2/0/op"":""max_pool_3x3"",""normal/2/1/input"":1,""normal/2/1/op"":""avg_pool_3x3"",""normal/3/0/input"":2,""normal/3/0/op"":""sep_conv_5x5"",""normal/3/1/input"":1,""normal/3/1/op"":""dil_conv_5x5"",""normal/4/0/input"":2,""normal/4/0/op"":""dil_conv_3x3"",""normal/4/1/input"":0,""normal/4/1/op"":""sep_conv_5x5"",""normal/5/0/input"":4,""normal/5/0/op"":""skip_connect"",""normal/5/1/input"":1,""normal/5/1/op"":""dil_conv_5x5"",""reduce/2/0/input"":0,""reduce/2/0/op"":""dil_conv_5x5"",""reduce/2/1/input"":1,""reduce/2/1/op"":""dil_conv_5x5"",""reduce/3/0/input"":1,""reduce/3/0/op"":""max_pool_3x3"",""reduce/3/1/input"":0,""reduce/3/1/op"":""avg_pool_3x3"",""reduce/4/0/input"":0,""reduce/4/0/op"":""skip_connect"",""reduce/4/1/input"":2,""reduce/4/1/op"":""sep_conv_3x3"",""reduce/5/0/input"":1,""reduce/5/0/op"":""avg_pool_3x3"",""reduce/5/1/input"":2,""reduce/5/1/op"":""sep_conv_3x3""}",0.9678,432918144,2977822
"{""normal/2/0/input"":0,""normal/2/0/op"":""max_pool_3x3"",""normal/2/1/input"":1,""normal/2/1/op"":""dil_conv_3x3"",""normal/3/0/input"":2,""normal/3/0/op"":""skip_connect"",""normal/3/1/input"":0,""normal/3/1/op"":""dil_conv_5x5"",""normal/4/0/input"":3,""normal/4/0/op"":""skip_connect"",""normal/4/1/input"":1,""normal/4/1/op"":""sep_conv_5x5"",""normal/5/0/input"":4,""normal/5/0/op"":""sep_conv_3x3"",""normal/5/1/input"":1,""normal/5/1/op"":""skip_connect"",""reduce/2/0/input"":1,""reduce/2/0/op"":""skip_connect"",""reduce/2/1/input"":0,""reduce/2/1/op"":""dil_conv_5x5"",""reduce/3/0/input"":2,""reduce/3/0/op"":""skip_connect"",""reduce/3/1/input"":1,""reduce/3/1/op"":""sep_conv_5x5"",""reduce/4/0/input"":1,""reduce/4/0/op"":""avg_pool_3x3"",""reduce/4/1/input"":2,""reduce/4/1/op"":""dil_conv_5x5"",""reduce/5/0/input"":4,""reduce/5/0/op"":""sep_conv_3x3"",""reduce/5/1/input"":0,""reduce/5/1/op"":""sep_conv_5x5""}",0.9702,409279104,2795734
"{""normal/2/0/input"":0,""normal/2/0/op"":""dil_conv_3x3"",""normal/2/1/input"":1,""normal/2/1/op"":""avg_pool_3x3"",""normal/3/0/input"":0,""normal/3/0/op"":""avg_pool_3x3"",""normal/3/1/input"":2,""normal/3/1/op"":""max_pool_3x3"",""normal/4/0/input"":0,""normal/4/0/op"":""avg_pool_3x3"",""normal/4/1/input"":1,""normal/4/1/op"":""sep_conv_5x5"",""normal/5/0/input"":4,""normal/5/0/op"":""sep_conv_3x3"",""normal/5/1/input"":1,""normal/5/1/op"":""dil_conv_3x3"",""reduce/2/0/input"":0,""reduce/2/0/op"":""max_pool_3x3"",""reduce/2/1/input"":1,""reduce/2/1/op"":""dil_conv_3x3"",""reduce/3/0/input"":2,""reduce/3/0/op"":""sep_conv_3x3"",""reduce/3/1/input"":0,""reduce/3/1/op"":""dil_conv_5x5"",""reduce/4/0/input"":0,""reduce/4/0/op"":""dil_conv_3x3"",""reduce/4/1/input"":1,""reduce/4/1/op"":""dil_conv_3x3"",""reduce/5/0/input"":3,""reduce/5/0/op"":""dil_conv_3x3"",""reduce/5/1/input"":2,""reduce/5/1/op"":""avg_pool_3x3""}",0.9686,402588288,2699614
"{""normal/2/0/input"":0,""normal/2/0/op"":""dil_conv_5x5"",""normal/2/1/input"":1,""normal/2/1/op"":""max_pool_3x3"",""normal/3/0/input"":2,""normal/3/0/op"":""sep_conv_5x5"",""normal/3/1/input"":0,""normal/3/1/op"":""sep_conv_3x3"",""normal/4/0/input"":2,""normal/4/0/op"":""skip_connect"",""normal/4/1/input"":0,""normal/4/1/op"":""dil_conv_5x5"",""normal/5/0/input"":4,""normal/5/0/op"":""sep_conv_5x5"",""normal/5/1/input"":3,""normal/5/1/op"":""max_pool_3x3"",""reduce/2/0/input"":0,""reduce/2/0/op"":""avg_pool_3x3"",""reduce/2/1/input"":1,""reduce/2/1/op"":""sep_conv_5x5"",""reduce/3/0/input"":1,""reduce/3/0/op"":""max_pool_3x3"",""reduce/3/1/input"":2,""reduce/3/1/op"":""skip_connect"",""reduce/4/0/input"":0,""reduce/4/0/op"":""dil_conv_3x3"",""reduce/4/1/input"":3,""reduce/4/1/op"":""dil_conv_5x5"",""reduce/5/0/input"":4,""reduce/5/0/op"":""skip_connect"",""reduce/5/1/input"":1,""reduce/5/1/op"":""skip_connect""}",0.9669,455174784,3104614
"{""normal/2/0/input"":0,""normal/2/0/op"":""avg_pool_3x3"",""normal/2/1/input"":1,""normal/2/1/op"":""max_pool_3x3"",""normal/3/0/input"":1,""normal/3/0/op"":""sep_conv_3x3"",""normal/3/1/input"":0,""normal/3/1/op"":""sep_conv_5x5"",""normal/4/0/input"":0,""normal/4/0/op"":""dil_conv_3x3"",""normal/4/1/input"":2,""normal/4/1/op"":""sep_conv_3x3"",""normal/5/0/input"":4,""normal/5/0/op"":""dil_conv_5x5"",""normal/5/1/input"":0,""normal/5/1/op"":""sep_conv_5x5"",""reduce/2/0/input"":1,""reduce/2/0/op"":""sep_conv_3x3"",""reduce/2/1/input"":0,""reduce/2/1/op"":""sep_conv_3x3"",""reduce/3/0/input"":0,""reduce/3/0/op"":""sep_conv_3x3"",""reduce/3/1/input"":1,""reduce/3/1/op"":""dil_conv_3x3"",""reduce/4/0/input"":1,""reduce/4/0/op"":""skip_connect"",""reduce/4/1/input"":0,""reduce/4/1/op"":""sep_conv_5x5"",""reduce/5/0/input"":0,""reduce/5/0/op"":""sep_conv_3x3"",""reduce/5/1/input"":4,""reduce/5/1/op"":""sep_conv_3x3""}",0.9703,531566208,3691486
"{""normal/2/0/input"":1,""normal/2/0/op"":""dil_conv_3x3"",""normal/2/1/input"":0,""normal/2/1/op"":""max_pool_3x3"",""normal/3/0/input"":1,""normal/3/0/op"":""skip_connect"",""normal/3/1/input"":2,""normal/3/1/op"":""skip_connect"",""normal/4/0/input"":0,""normal/4/0/op"":""avg_pool_3x3"",""normal/4/1/input"":2,""normal/4/1/op"":""dil_conv_5x5"",""normal/5/0/input"":3,""normal/5/0/op"":""dil_conv_5x5"",""normal/5/1/input"":2,""normal/5/1/op"":""dil_conv_3x3"",""reduce/2/0/input"":1,""reduce/2/0/op"":""skip_connect"",""reduce/2/1/input"":0,""reduce/2/1/op"":""sep_conv_3x3"",""reduce/3/0/input"":2,""reduce/3/0/op"":""sep_conv_5x5"",""reduce/3/1/input"":1,""reduce/3/1/op"":""max_pool_3x3"",""reduce/4/0/input"":3,""reduce/4/0/op"":""dil_conv_5x5"",""reduce/4/1/input"":2,""reduce/4/1/op"":""sep_conv_3x3"",""reduce/5/0/input"":3,""reduce/5/0/op"":""skip_connect"",""reduce/5/1/input"":2,""reduce/5/1/op"":""dil_conv_5x5""}",0.9667,347900544,2404774
"{""normal/2/0/input"":0,""normal/2/0/op"":""avg_pool_3x3"",""normal/2/1/input"":1,""normal/2/1/op"":""max_pool_3x3"",""normal/3/0/input"":2,""normal/3/0/op"":""max_pool_3x3"",""normal/3/1/input"":0,""normal/3/1/op"":""sep_conv_5x5"",""normal/4/0/input"":2,""normal/4/0/op"":""avg_pool_3x3"",""normal/4/1/input"":3,""normal/4/1/op"":""sep_conv_5x5"",""normal/5/0/input"":1,""normal/5/0/op"":""dil_conv_3x3"",""normal/5/1/input"":4,""normal/5/1/op"":""sep_conv_3x3"",""reduce/2/0/input"":1,""reduce/2/0/op"":""max_pool_3x3"",""reduce/2/1/input"":0,""reduce/2/1/op"":""max_pool_3x3"",""reduce/3/0/input"":1,""reduce/3/0/op"":""sep_conv_5x5"",""reduce/3/1/input"":2,""reduce/3/1/op"":""skip_connect"",""reduce/4/0/input"":2,""reduce/4/0/op"":""avg_pool_3x3"",""reduce/4/1/input"":1,""reduce/4/1/op"":""max_pool_3x3"",""reduce/5/0/input"":2,""reduce/5/0/op"":""avg_pool_3x3"",""reduce/5/1/input"":0,""reduce/5/1/op"":""avg_pool_3x3""}",0.9649,423324288,2789902
"{""normal/2/0/input"":0,""normal/2/0/op"":""max_pool_3x3"",""normal/2/1/input"":1,""normal/2/1/op"":""avg_pool_3x3"",""normal/3/0/input"":1,""normal/3/0/op"":""dil_conv_3x3"",""normal/3/1/input"":0,""normal/3/1/op"":""max_pool_3x3"",""normal/4/0/input"":1,""normal/4/0/op"":""avg_pool_3x3"",""normal/4/1/input"":2,""normal/4/1/op"":""sep_conv_3x3"",""normal/5/0/input"":3,""normal/5/0/op"":""sep_conv_5x5"",""normal/5/1/input"":1,""normal/5/1/op"":""dil_conv_3x3"",""reduce/2/0/input"":1,""reduce/2/0/op"":""avg_pool_3x3"",""reduce/2/1/input"":0,""reduce/2/1/op"":""max_pool_3x3"",""reduce/3/0/input"":1,""reduce/3/0/op"":""skip_connect"",""reduce/3/1/input"":0,""reduce/3/1/op"":""skip_connect"",""reduce/4/0/input"":1,""reduce/4/0/op"":""skip_connect"",""reduce/4/1/input"":2,""reduce/4/1/op"":""avg_pool_3x3"",""reduce/5/0/input"":0,""reduce/5/0/op"":""avg_pool_3x3"",""reduce/5/1/input"":2,""reduce/5/1/op"":""dil_conv_5x5""}",0.9668,394376832,2608894
"{""normal/2/0/input"":0,""normal/2/0/op"":""dil_conv_5x5"",""normal/2/1/input"":1,""normal/2/1/op"":""skip_connect"",""normal/3/0/input"":0,""normal/3/0/op"":""dil_conv_3x3"",""normal/3/1/input"":2,""normal/3/1/op"":""dil_conv_5x5"",""normal/4/0/input"":2,""normal/4/0/op"":""skip_connect"",""normal/4/1/input"":3,""normal/4/1/op"":""sep_conv_5x5"",""normal/5/0/input"":3,""normal/5/0/op"":""skip_connect"",""normal/5/1/input"":0,""normal/5/1/op"":""dil_conv_3x3"",""reduce/2/0/input"":0,""reduce/2/0/op"":""avg_pool_3x3"",""reduce/2/1/input"":1,""reduce/2/1/op"":""sep_conv_5x5"",""reduce/3/0/input"":2,""reduce/3/0/op"":""skip_connect"",""reduce/3/1/input"":1,""reduce/3/1/op"":""dil_conv_5x5"",""reduce/4/0/input"":2,""reduce/4/0/op"":""avg_pool_3x3"",""reduce/4/1/input"":0,""reduce/4/1/op"":""avg_pool_3x3"",""reduce/5/0/input"":1,""reduce/5/0/op"":""max_pool_3x3"",""reduce/5/1/input"":0,""reduce/5/1/op"":""dil_conv_5x5""}",0.9661,391584384,2673478
"{""normal/2/0/input"":0,""normal/2/0/op"":""dil_conv_5x5"",""normal/2/1/input"":1,""normal/2/1/op"":""sep_conv_5x5"",""normal/3/0/input"":0,""normal/3/0/op"":""sep_conv_5x5"",""normal/3/1/input"":1,""normal/3/1/op"":""dil_conv_5x5"",""normal/4/0/input"":0,""normal/4/0/op"":""skip_connect"",""normal/4/1/input"":2,""normal/4/1/op"":""max_pool_3x3"",""normal/5/0/input"":2,""normal/5/0/op"":""skip_connect"",""normal/5/1/input"":4,""normal/5/1/op"":""sep_conv_5x5"",""reduce/2/0/input"":0,""reduce/2/0/op"":""sep_conv_5x5"",""reduce/2/1/input"":1,""reduce/2/1/op"":""dil_conv_5x5"",""reduce/3/0/input"":2,""reduce/3/0/op"":""sep_conv_3x3"",""reduce/3/1/input"":0,""reduce/3/1/op"":""max_pool_3x3"",""reduce/4/0/input"":0,""reduce/4/0/op"":""dil_conv_3x3"",""reduce/4/1/input"":2,""reduce/4/1/op"":""max_pool_3x3"",""reduce/5/0/input"":4,""reduce/5/0/op"":""sep_conv_5x5"",""reduce/5/1/input"":3,""reduce/5/1/op"":""dil_conv_5x5""}",0.9694,472924800,3278494
"{""normal/2/0/input"":0,""normal/2/0/op"":""sep_conv_3x3"",""normal/2/1/input"":1,""normal/2/1/op"":""skip_connect"",""normal/3/0/input"":2,""normal/3/0/op"":""sep_conv_5x5"",""normal/3/1/input"":1,""normal/3/1/op"":""sep_conv_5x5"",""normal/4/0/input"":2,""normal/4/0/op"":""max_pool_3x3"",""normal/4/1/input"":3,""normal/4/1/op"":""dil_conv_5x5"",""normal/5/0/input"":2,""normal/5/0/op"":""max_pool_3x3"",""normal/5/1/input"":0,""normal/5/1/op"":""sep_conv_5x5"",""reduce/2/0/input"":0,""reduce/2/0/op"":""avg_pool_3x3"",""reduce/2/1/input"":1,""reduce/2/1/op"":""sep_conv_5x5"",""reduce/3/0/input"":2,""reduce/3/0/op"":""skip_connect"",""reduce/3/1/input"":1,""reduce/3/1/op"":""sep_conv_3x3"",""reduce/4/0/input"":0,""reduce/4/0/op"":""dil_conv_3x3"",""reduce/4/1/input"":2,""reduce/4/1/op"":""dil_conv_3x3"",""reduce/5/0/input"":4,""reduce/5/0/op"":""dil_conv_3x3"",""reduce/5/1/input"":0,""reduce/5/1/op"":""sep_conv_5x5""}",0.9701,500296320,3427318
"{""normal/2/0/input"":0,""normal/2/0/op"":""skip_connect"",""normal/2/1/input"":1,""normal/2/1/op"":""sep_conv_3x3"",""normal/3/0/input"":2,""normal/3/0/op"":""max_pool_3x3"",""normal/3/1/input"":1,""normal/3/1/op"":""skip_connect"",""normal/4/0/input"":0,""normal/4/0/op"":""sep_conv_5x5"",""normal/4/1/input"":3,""normal/4/1/op"":""sep_conv_3x3"",""normal/5/0/input"":3,""normal/5/0/op"":""max_pool_3x3"",""normal/5/1/input"":2,""normal/5/1/op"":""skip_connect"",""reduce/2/0/input"":0,""reduce/2/0/op"":""dil_conv_3x3"",""reduce/2/1/input"":1,""reduce/2/1/op"":""avg_pool_3x3"",""reduce/3/0/input"":2,""reduce/3/0/op"":""max_pool_3x3"",""reduce/3/1/input"":0,""reduce/3/1/op"":""dil_conv_3x3"",""reduce/4/0/input"":3,""reduce/4/0/op"":""avg_pool_3x3"",""reduce/4/1/input"":0,""reduce/4/1/op"":""skip_connect"",""reduce/5/0/input"":3,""reduce/5/0/op"":""avg_pool_3x3"",""reduce/5/1/input"":1,""reduce/5/1/op"":""dil_conv_5x5""}",0.9708,397860480,2612782
"{""normal/2/0/input"":1,""normal/2/0/op"":""dil_conv_3x3"",""normal/2/1/input"":0,""normal/2/1/op"":""skip_connect"",""normal/3/0/input"":2,""normal/3/0/op"":""dil_conv_3x3"",""normal/3/1/input"":0,""normal/3/1/op"":""sep_conv_5x5"",""normal/4/0/input"":0,""normal/4/0/op"":""sep_conv_3x3"",""normal/4/1/input"":3,""normal/4/1/op"":""avg_pool_3x3"",""normal/5/0/input"":2,""normal/5/0/op"":""sep_conv_3x3"",""normal/5/1/input"":0,""normal/5/1/op"":""dil_conv_3x3"",""reduce/2/0/input"":1,""reduce/2/0/op"":""dil_conv_5x5"",""reduce/2/1/input"":0,""reduce/2/1/op"":""max_pool_3x3"",""reduce/3/0/input"":2,""reduce/3/0/op"":""sep_conv_3x3"",""reduce/3/1/input"":1,""reduce/3/1/op"":""skip_connect"",""reduce/4/0/input"":2,""reduce/4/0/op"":""dil_conv_3x3"",""reduce/4/1/input"":0,""reduce/4/1/op"":""sep_conv_5x5"",""reduce/5/0/input"":0,""reduce/5/0/op"":""dil_conv_5x5"",""reduce/5/1/input"":4,""reduce/5/1/op"":""skip_connect""}",0.9725,481080960,3276118
"{""normal/2/0/input"":0,""normal/2/0/op"":""avg_pool_3x3"",""normal/2/1/input"":1,""normal/2/1/op"":""sep_conv_5x5"",""normal/3/0/input"":2,""normal/3/0/op"":""max_pool_3x3"",""normal/3/1/input"":1,""normal/3/1/op"":""avg_pool_3x3"",""normal/4/0/input"":0,""normal/4/0/op"":""dil_conv_5x5"",""normal/4/1/input"":2,""normal/4/1/op"":""dil_conv_5x5"",""normal/5/0/input"":2,""normal/5/0/op"":""dil_conv_5x5"",""normal/5/1/input"":3,""normal/5/1/op"":""skip_connect"",""reduce/2/0/input"":0,""reduce/2/0/op"":""sep_conv_3x3"",""reduce/2/1/input"":1,""reduce/2/1/op"":""sep_conv_3x3"",""reduce/3/0/input"":1,""reduce/3/0/op"":""max_pool_3x3"",""reduce/3/1/input"":2,""reduce/3/1/op"":""max_pool_3x3"",""reduce/4/0/input"":2,""reduce/4/0/op"":""avg_pool_3x3"",""reduce/4/1/input"":3,""reduce/4/1/op"":""max_pool_3x3"",""reduce/5/0/input"":0,""reduce/5/0/op"":""sep_conv_5x5"",""reduce/5/1/input"":3,""reduce/5/1/op"":""sep_conv_3x3""}",0.9642,379059840,2624014
"{""normal/2/0/input"":0,""normal/2/0/op"":""sep_conv_3x3"",""normal/2/1/input"":1,""normal/2/1/op"":""skip_connect"",""normal/3/0/input"":0,""normal/3/0/op"":""dil_conv_3x3"",""normal/3/1/input"":2,""normal/3/1/op"":""dil_conv_5x5"",""normal/4/0/input"":3,""normal/4/0/op"":""sep_conv_3x3"",""normal/4/1/input"":2,""normal/4/1/op"":""max_pool_3x3"",""normal/5/0/input"":2,""normal/5/0/op"":""skip_connect"",""normal/5/1/input"":0,""normal/5/1/op"":""sep_conv_3x3"",""reduce/2/0/input"":0,""reduce/2/0/op"":""sep_conv_5x5"",""reduce/2/1/input"":1,""reduce/2/1/op"":""avg_pool_3x3"",""reduce/3/0/input"":0,""reduce/3/0/op"":""avg_pool_3x3"",""reduce/3/1/input"":2,""reduce/3/1/op"":""dil_conv_5x5"",""reduce/4/0/input"":1,""reduce/4/0/op"":""max_pool_3x3"",""reduce/4/1/input"":0,""reduce/4/1/op"":""dil_conv_5x5"",""reduce/5/0/input"":0,""reduce/5/0/op"":""dil_conv_5x5"",""reduce/5/1/input"":2,""reduce/5/1/op"":""dil_conv_5x5""}",0.9704,445442688,3024262
"{""normal/2/0/input"":1,""normal/2/0/op"":""max_pool_3x3"",""normal/2/1/input"":0,""normal/2/1/op"":""avg_pool_3x3"",""normal/3/0/input"":2,""normal/3/0/op"":""max_pool_3x3"",""normal/3/1/input"":0,""normal/3/1/op"":""sep_conv_3x3"",""normal/4/0/input"":2,""normal/4/0/op"":""dil_conv_3x3"",""normal/4/1/input"":1,""normal/4/1/op"":""dil_conv_5x5"",""normal/5/0/input"":0,""normal/5/0/op"":""dil_conv_3x3"",""normal/5/1/input"":4,""normal/5/1/op"":""dil_conv_5x5"",""reduce/2/0/input"":1,""reduce/2/0/op"":""dil_conv_5x5"",""reduce/2/1/input"":0,""reduce/2/1/op"":""sep_conv_5x5"",""reduce/3/0/input"":1,""reduce/3/0/op"":""avg_pool_3x3"",""reduce/3/1/input"":0,""reduce/3/1/op"":""sep_conv_5x5"",""reduce/4/0/input"":0,""reduce/4/0/op"":""max_pool_3x3"",""reduce/4/1/input"":2,""reduce/4/1/op"":""skip_connect"",""reduce/5/0/input"":0,""reduce/5/0/op"":""skip_connect"",""reduce/5/1/input"":1,""reduce/5/1/op"":""dil_conv_3x3""}",0.9661,394045056,2711494
"{""normal/2/0/input"":0,""normal/2/0/op"":""avg_pool_3x3"",""normal/2/1/input"":1,""normal/2/1/op"":""dil_conv_3x3"",""normal/3/0/input"":2,""normal/3/0/op"":""skip_connect"",""normal/3/1/input"":1,""normal/3/1/op"":""avg_pool_3x3"",""normal/4/0/input"":0,""normal/4/0/op"":""sep_conv_3x3"",""normal/4/1/input"":2,""normal/4/1/op"":""sep_conv_5x5"",""normal/5/0/input"":1,""normal/5/0/op"":""skip_connect"",""normal/5/1/input"":3,""normal/5/1/op"":""avg_pool_3x3"",""reduce/2/0/input"":0,""reduce/2/0/op"":""dil_conv_3x3"",""reduce/2/1/input"":1,""reduce/2/1/op"":""sep_conv_5x5"",""reduce/3/0/input"":2,""reduce/3/0/op"":""max_pool_3x3"",""reduce/3/1/input"":0,""reduce/3/1/op"":""dil_conv_5x5"",""reduce/4/0/input"":0,""reduce/4/0/op"":""avg_pool_3x3"",""reduce/4/1/input"":3,""reduce/4/1/op"":""dil_conv_5x5"",""reduce/5/0/input"":2,""reduce/5/0/op"":""dil_conv_5x5"",""reduce/5/1/input"":0,""reduce/5/1/op"":""avg_pool_3x3""}",0.9658,376488576,2505214
"{""normal/2/0/input"":0,""normal/2/0/op"":""avg_pool_3x3"",""normal/2/1/input"":1,""normal/2/1/op"":""sep_conv_3x3"",""normal/3/0/input"":1,""normal/3/0/op"":""skip_connect"",""normal/3/1/input"":0,""normal/3/1/op"":""dil_conv_5x5"",""normal/4/0/input"":2,""normal/4/0/op"":""skip_connect"",""normal/4/1/input"":3,""normal/4/1/op"":""dil_conv_3x3"",""normal/5/0/input"":3,""normal/5/0/op"":""max_pool_3x3"",""normal/5/1/input"":2,""normal/5/1/op"":""dil_conv_5x5"",""reduce/2/0/input"":0,""reduce/2/0/op"":""dil_conv_5x5"",""reduce/2/1/input"":1,""reduce/2/1/op"":""avg_pool_3x3"",""reduce/3/0/input"":2,""reduce/3/0/op"":""max_pool_3x3"",""reduce/3/1/input"":1,""reduce/3/1/op"":""skip_connect"",""reduce/4/0/input"":1,""reduce/4/0/op"":""sep_conv_5x5"",""reduce/4/1/input"":3,""reduce/4/1/op"":""sep_conv_3x3"",""reduce/5/0/input"":1,""reduce/5/0/op"":""dil_conv_3x3"",""reduce/5/1/input"":4,""reduce/5/1/op"":""sep_conv_5x5""}",0.9676,375714432,2588158
"{""normal/2/0/input"":0,""normal/2/0/op"":""sep_conv_3x3"",""normal/2/1/input"":1,""normal/2/1/op"":""avg_pool_3x3"",""normal/3/0/input"":0,""normal/3/0/op"":""dil_conv_3x3"",""normal/3/1/input"":2,""normal/3/1/op"":""sep_conv_3x3"",""normal/4/0/input"":3,""normal/4/0/op"":""sep_conv_5x5"",""normal/4/1/input"":1,""normal/4/1/op"":""dil_conv_3x3"",""normal/5/0/input"":3,""normal/5/0/op"":""avg_pool_3x3"",""normal/5/1/input"":2,""normal/5/1/op"":""dil_conv_3x3"",""reduce/2/0/input"":1,""reduce/2/0/op"":""sep_conv_5x5"",""reduce/2/1/input"":0,""reduce/2/1/op"":""sep_conv_5x5"",""reduce/3/0/input"":2,""reduce/3/0/op"":""sep_conv_5x5"",""reduce/3/1/input"":0,""reduce/3/1/op"":""sep_conv_3x3"",""reduce/4/0/input"":0,""reduce/4/0/op"":""skip_connect"",""reduce/4/1/input"":1,""reduce/4/1/op"":""dil_conv_3x3"",""reduce/5/0/input"":4,""reduce/5/0/op"":""max_pool_3x3"",""reduce/5/1/input"":2,""reduce/5/1/op"":""skip_connect""}",0.9721,487771776,3339622
"{""normal/2/0/input"":0,""normal/2/0/op"":""max_pool_3x3"",""normal/2/1/input"":1,""normal/2/1/op"":""avg_pool_3x3"",""normal/3/0/input"":2,""normal/3/0/op"":""sep_conv_5x5"",""normal/3/1/input"":1,""normal/3/1/op"":""sep_conv_5x5"",""normal/4/0/input"":0,""normal/4/0/op"":""sep_conv_3x3"",""normal/4/1/input"":2,""normal/4/1/op"":""sep_conv_5x5"",""normal/5/0/input"":4,""normal/5/0/op"":""sep_conv_3x3"",""normal/5/1/input"":0,""normal/5/1/op"":""avg_pool_3x3"",""reduce/2/0/input"":1,""reduce/2/0/op"":""sep_conv_5x5"",""reduce/2/1/input"":0,""reduce/2/1/op"":""skip_connect"",""reduce/3/0/input"":2,""reduce/3/0/op"":""dil_conv_5x5"",""reduce/3/1/input"":0,""reduce/3/1/op"":""max_pool_3x3"",""reduce/4/0/input"":0,""reduce/4/0/op"":""sep_conv_3x3"",""reduce/4/1/input"":1,""reduce/4/1/op"":""max_pool_3x3"",""reduce/5/0/input"":4,""reduce/5/0/op"":""dil_conv_3x3"",""reduce/5/1/input"":1,""reduce/5/1/op"":""skip_connect""}",0.9693,524322432,3547414
"{""normal/2/0/input"":1,""normal/2/0/op"":""avg_pool_3x3"",""normal/2/1/input"":0,""normal/2/1/op"":""dil_conv_3x3"",""normal/3/0/input"":0,""normal/3/0/op"":""skip_connect"",""normal/3/1/input"":2,""normal/3/1/op"":""sep_conv_3x3"",""normal/4/0/input"":1,""normal/4/0/op"":""dil_conv_5x5"",""normal/4/1/input"":0,""normal/4/1/op"":""max_pool_3x3"",""normal/5/0/input"":1,""normal/5/0/op"":""sep_conv_3x3"",""normal/5/1/input"":3,""normal/5/1/op"":""avg_pool_3x3"",""reduce/2/0/input"":0,""reduce/2/0/op"":""dil_conv_5x5"",""reduce/2/1/input"":1,""reduce/2/1/op"":""avg_pool_3x3"",""reduce/3/0/input"":0,""reduce/3/0/op"":""sep_conv_3x3"",""reduce/3/1/input"":1,""reduce/3/1/op"":""sep_conv_3x3"",""reduce/4/0/input"":0,""reduce/4/0/op"":""dil_conv_5x5"",""reduce/4/1/input"":3,""reduce/4/1/op"":""avg_pool_3x3"",""reduce/5/0/input"":1,""reduce/5/0/op"":""avg_pool_3x3"",""reduce/5/1/input"":3,""reduce/5/1/op"":""sep_conv_3x3""}",0.9691,399547008,2707174
"{""normal/2/0/input"":1,""normal/2/0/op"":""max_pool_3x3"",""normal/2/1/input"":0,""normal/2/1/op"":""sep_conv_3x3"",""normal/3/0/input"":0,""normal/3/0/op"":""sep_conv_5x5"",""normal/3/1/input"":2,""normal/3/1/op"":""sep_conv_5x5"",""normal/4/0/input"":0,""normal/4/0/op"":""sep_conv_3x3"",""normal/4/1/input"":1,""normal/4/1/op"":""max_pool_3x3"",""normal/5/0/input"":3,""normal/5/0/op"":""dil_conv_5x5"",""normal/5/1/input"":2,""normal/5/1/op"":""max_pool_3x3"",""reduce/2/0/input"":1,""reduce/2/0/op"":""sep_conv_3x3"",""reduce/2/1/input"":0,""reduce/2/1/op"":""dil_conv_5x5"",""reduce/3/0/input"":2,""reduce/3/0/op"":""avg_pool_3x3"",""reduce/3/1/input"":0,""reduce/3/1/op"":""dil_conv_5x5"",""reduce/4/0/input"":0,""reduce/4/0/op"":""avg_pool_3x3"",""reduce/4/1/input"":3,""reduce/4/1/op"":""sep_conv_5x5"",""reduce/5/0/input"":0,""reduce/5/0/op"":""avg_pool_3x3"",""reduce/5/1/input"":1,""reduce/5/1/op"":""skip_connect""}",0.9698,488103552,3320398
"{""normal/2/0/input"":0,""normal/2/0/op"":""sep_conv_3x3"",""normal/2/1/input"":1,""normal/2/1/op"":""avg_pool_3x3"",""normal/3/0/input"":0,""normal/3/0/op"":""sep_conv_3x3"",""normal/3/1/input"":1,""normal/3/1/op"":""dil_conv_3x3"",""normal/4/0/input"":0,""normal/4/0/op"":""dil_conv_3x3"",""normal/4/1/input"":1,""normal/4/1/op"":""max_pool_3x3"",""normal/5/0/input"":2,""normal/5/0/op"":""max_pool_3x3"",""normal/5/1/input"":1,""normal/5/1/op"":""sep_conv_5x5"",""reduce/2/0/input"":1,""reduce/2/0/op"":""skip_connect"",""reduce/2/1/input"":0,""reduce/2/1/op"":""max_pool_3x3"",""reduce/3/0/input"":1,""reduce/3/0/op"":""skip_connect"",""reduce/3/1/input"":0,""reduce/3/1/op"":""avg_pool_3x3"",""reduce/4/0/input"":0,""reduce/4/0/op"":""dil_conv_5x5"",""reduce/4/1/input"":2,""reduce/4/1/op"":""skip_connect"",""reduce/5/0/input"":0,""reduce/5/0/op"":""avg_pool_3x3"",""reduce/5/1/input"":4,""reduce/5/1/op"":""sep_conv_3x3""}",0.9682,448539264,2998990
"{""normal/2/0/input"":0,""normal/2/0/op"":""sep_conv_3x3"",""normal/2/1/input"":1,""normal/2/1/op"":""dil_conv_5x5"",""normal/3/0/input"":0,""normal/3/0/op"":""sep_conv_5x5"",""normal/3/1/input"":1,""normal/3/1/op"":""sep_conv_3x3"",""normal/4/0/input"":3,""normal/4/0/op"":""sep_conv_3x3"",""normal/4/1/input"":2,""normal/4/1/op"":""skip_connect"",""normal/5/0/input"":4,""normal/5/0/op"":""sep_conv_5x5"",""normal/5/1/input"":0,""normal/5/1/op"":""max_pool_3x3"",""reduce/2/0/input"":1,""reduce/2/0/op"":""skip_connect"",""reduce/2/1/input"":0,""reduce/2/1/op"":""max_pool_3x3"",""reduce/3/0/input"":2,""reduce/3/0/op"":""avg_pool_3x3"",""reduce/3/1/input"":1,""reduce/3/1/op"":""dil_conv_3x3"",""reduce/4/0/input"":3,""reduce/4/0/op"":""dil_conv_3x3"",""reduce/4/1/input"":1,""reduce/4/1/op"":""max_pool_3x3"",""reduce/5/0/input"":3,""reduce/5/0/op"":""sep_conv_5x5"",""reduce/5/1/input"":2,""reduce/5/1/op"":""sep_conv_3x3""}",0.9709,539362944,3673342
"{""normal/2/0/input"":1,""normal/2/0/op"":""sep_conv_3x3"",""normal/2/1/input"":0,""normal/2/1/op"":""dil_conv_5x5"",""normal/3/0/input"":2,""normal/3/0/op"":""dil_conv_5x5"",""normal/3/1/input"":0,""normal/3/1/op"":""max_pool_3x3"",""normal/4/0/input"":1,""normal/4/0/op"":""skip_connect"",""normal/4/1/input"":3,""normal/4/1/op"":""avg_pool_3x3"",""normal/5/0/input"":0,""normal/5/0/op"":""dil_conv_5x5"",""normal/5/1/input"":4,""normal/5/1/op"":""dil_conv_3x3"",""reduce/2/0/input"":1,""reduce/2/0/op"":""sep_conv_5x5"",""reduce/2/1/input"":0,""reduce/2/1/op"":""sep_conv_3x3"",""reduce/3/0/input"":2,""reduce/3/0/op"":""sep_conv_3x3"",""reduce/3/1/input"":0,""reduce/3/1/op"":""max_pool_3x3"",""reduce/4/0/input"":0,""reduce/4/0/op"":""avg_pool_3x3"",""reduce/4/1/input"":3,""reduce/4/1/op"":""skip_connect"",""reduce/5/0/input"":3,""reduce/5/0/op"":""sep_conv_5x5"",""reduce/5/1/input"":4,""reduce/5/1/op"":""dil_conv_5x5""}",0.9723,399851136,2794222
"{""normal/2/0/input"":1,""normal/2/0/op"":""max_pool_3x3"",""normal/2/1/input"":0,""normal/2/1/op"":""sep_conv_3x3"",""normal/3/0/input"":0,""normal/3/0/op"":""sep_conv_3x3"",""normal/3/1/input"":1,""normal/3/1/op"":""max_pool_3x3"",""normal/4/0/input"":2,""normal/4/0/op"":""dil_conv_5x5"",""normal/4/1/input"":3,""normal/4/1/op"":""sep_conv_3x3"",""normal/5/0/input"":4,""normal/5/0/op"":""sep_conv_3x3"",""normal/5/1/input"":0,""normal/5/1/op"":""dil_conv_5x5"",""reduce/2/0/input"":0,""reduce/2/0/op"":""max_pool_3x3"",""reduce/2/1/input"":1,""reduce/2/1/op"":""max_pool_3x3"",""reduce/3/0/input"":2,""reduce/3/0/op"":""sep_conv_3x3"",""reduce/3/1/input"":1,""reduce/3/1/op"":""dil_conv_5x5"",""reduce/4/0/input"":0,""reduce/4/0/op"":""max_pool_3x3"",""reduce/4/1/input"":1,""reduce/4/1/op"":""dil_conv_5x5"",""reduce/5/0/input"":1,""reduce/5/0/op"":""skip_connect"",""reduce/5/1/input"":4,""reduce/5/1/op"":""dil_conv_3x3""}",0.9676,496259712,3392542
"{""normal/2/0/input"":1,""normal/2/0/op"":""skip_connect"",""normal/2/1/input"":0,""normal/2/1/op"":""dil_conv_5x5"",""normal/3/0/input"":2,""normal/3/0/op"":""skip_connect"",""normal/3/1/input"":1,""normal/3/1/op"":""dil_conv_3x3"",""normal/4/0/input"":1,""normal/4/0/op"":""max_pool_3x3"",""normal/4/1/input"":2,""normal/4/1/op"":""sep_conv_5x5"",""normal/5/0/input"":3,""normal/5/0/op"":""max_pool_3x3"",""normal/5/1/input"":2,""normal/5/1/op"":""max_pool_3x3"",""reduce/2/0/input"":0,""reduce/2/0/op"":""max_pool_3x3"",""reduce/2/1/input"":1,""reduce/2/1/op"":""dil_conv_3x3"",""reduce/3/0/input"":1,""reduce/3/0/op"":""sep_conv_5x5"",""reduce/3/1/input"":2,""reduce/3/1/op"":""dil_conv_5x5"",""reduce/4/0/input"":1,""reduce/4/0/op"":""skip_connect"",""reduce/4/1/input"":3,""reduce/4/1/op"":""sep_conv_3x3"",""reduce/5/0/input"":3,""reduce/5/0/op"":""skip_connect"",""reduce/5/1/input"":0,""reduce/5/1/op"":""avg_pool_3x3""}",0.9622,352020096,2368918
"{""normal/2/0/input"":0,""normal/2/0/op"":""sep_conv_5x5"",""normal/2/1/input"":1,""normal/2/1/op"":""avg_pool_3x3"",""normal/3/0/input"":0,""normal/3/0/op"":""sep_conv_5x5"",""normal/3/1/input"":2,""normal/3/1/op"":""sep_conv_5x5"",""normal/4/0/input"":1,""normal/4/0/op"":""dil_conv_5x5"",""normal/4/1/input"":3,""normal/4/1/op"":""sep_conv_5x5"",""normal/5/0/input"":1,""normal/5/0/op"":""dil_conv_3x3"",""normal/5/1/input"":4,""normal/5/1/op"":""max_pool_3x3"",""reduce/2/0/input"":1,""reduce/2/0/op"":""skip_connect"",""reduce/2/1/input"":0,""reduce/2/1/op"":""dil_conv_3x3"",""reduce/3/0/input"":1,""reduce/3/0/op"":""dil_conv_3x3"",""reduce/3/1/input"":2,""reduce/3/1/op"":""avg_pool_3x3"",""reduce/4/0/input"":3,""reduce/4/0/op"":""dil_conv_3x3"",""reduce/4/1/input"":0,""reduce/4/1/op"":""dil_conv_5x5"",""reduce/5/0/input"":4,""reduce/5/0/op"":""dil_conv_5x5"",""reduce/5/1/input"":2,""reduce/5/1/op"":""avg_pool_3x3""}",0.9669,520783488,3561886
"{""normal/2/0/input"":1,""normal/2/0/op"":""avg_pool_3x3"",""normal/2/1/input"":0,""normal/2/1/op"":""avg_pool_3x3"",""normal/3/0/input"":1,""normal/3/0/op"":""sep_conv_5x5"",""normal/3/1/input"":0,""normal/3/1/op"":""max_pool_3x3"",""normal/4/0/input"":0,""normal/4/0/op"":""avg_pool_3x3"",""normal/4/1/input"":2,""normal/4/1/op"":""sep_conv_3x3"",""normal/5/0/input"":4,""normal/5/0/op"":""dil_conv_5x5"",""normal/5/1/input"":2,""normal/5/1/op"":""sep_conv_5x5"",""reduce/2/0/input"":0,""reduce/2/0/op"":""avg_pool_3x3"",""reduce/2/1/input"":1,""reduce/2/1/op"":""avg_pool_3x3"",""reduce/3/0/input"":0,""reduce/3/0/op"":""max_pool_3x3"",""reduce/3/1/input"":2,""reduce/3/1/op"":""sep_conv_3x3"",""reduce/4/0/input"":1,""reduce/4/0/op"":""sep_conv_5x5"",""reduce/4/1/input"":3,""reduce/4/1/op"":""max_pool_3x3"",""reduce/5/0/input"":2,""reduce/5/0/op"":""dil_conv_5x5"",""reduce/5/1/input"":4,""reduce/5/1/op"":""max_pool_3x3""}",0.9672,431535744,2902438
"{""normal/2/0/input"":0,""normal/2/0/op"":""skip_connect"",""normal/2/1/input"":1,""normal/2/1/op"":""avg_pool_3x3"",""normal/3/0/input"":2,""normal/3/0/op"":""dil_conv_5x5"",""normal/3/1/input"":0,""normal/3/1/op"":""skip_connect"",""normal/4/0/input"":2,""normal/4/0/op"":""sep_conv_3x3"",""normal/4/1/input"":1,""normal/4/1/op"":""sep_conv_3x3"",""normal/5/0/input"":0,""normal/5/0/op"":""sep_conv_3x3"",""normal/5/1/input"":1,""normal/5/1/op"":""skip_connect"",""reduce/2/0/input"":1,""reduce/2/0/op"":""dil_conv_5x5"",""reduce/2/1/input"":0,""reduce/2/1/op"":""avg_pool_3x3"",""reduce/3/0/input"":2,""reduce/3/0/op"":""dil_conv_5x5"",""reduce/3/1/input"":1,""reduce/3/1/op"":""skip_connect"",""reduce/4/0/input"":2,""reduce/4/0/op"":""avg_pool_3x3"",""reduce/4/1/input"":3,""reduce/4/1/op"":""dil_conv_3x3"",""reduce/5/0/input"":0,""reduce/5/0/op"":""sep_conv_3x3"",""reduce/5/1/input"":4,""reduce/5/1/op"":""max_pool_3x3""}",0.9713,421112448,2828566
"{""normal/2/0/input"":0,""normal/2/0/op"":""avg_pool_3x3"",""normal/2/1/input"":1,""normal/2/1/op"":""sep_conv_3x3"",""normal/3/0/input"":2,""normal/3/0/op"":""max_pool_3x3"",""normal/3/1/input"":1,""normal/3/1/op"":""dil_conv_3x3"",""normal/4/0/input"":0,""normal/4/0/op"":""max_pool_3x3"",""normal/4/1/input"":3,""normal/4/1/op"":""dil_conv_5x5"",""normal/5/0/input"":2,""normal/5/0/op"":""dil_conv_5x5"",""normal/5/1/input"":3,""normal/5/1/op"":""sep_conv_3x3"",""reduce/2/0/input"":1,""reduce/2/0/op"":""dil_conv_5x5"",""reduce/2/1/input"":0,""reduce/2/1/op"":""dil_conv_3x3"",""reduce/3/0/input"":2,""reduce/3/0/op"":""dil_conv_5x5"",""reduce/3/1/input"":1,""reduce/3/1/op"":""max_pool_3x3"",""reduce/4/0/input"":0,""reduce/4/0/op"":""dil_conv_5x5"",""reduce/4/1/input"":1,""reduce/4/1/op"":""dil_conv_3x3"",""reduce/5/0/input"":3,""reduce/5/0/op"":""max_pool_3x3"",""reduce/5/1/input"":4,""reduce/5/1/op"":""sep_conv_3x3""}",0.9656,420283008,2886454
"{""normal/2/0/input"":0,""normal/2/0/op"":""dil_conv_5x5"",""normal/2/1/input"":1,""normal/2/1/op"":""dil_conv_3x3"",""normal/3/0/input"":0,""normal/3/0/op"":""max_pool_3x3"",""normal/3/1/input"":1,""normal/3/1/op"":""dil_conv_5x5"",""normal/4/0/input"":0,""normal/4/0/op"":""skip_connect"",""normal/4/1/input"":1,""normal/4/1/op"":""dil_conv_3x3"",""normal/5/0/input"":3,""normal/5/0/op"":""max_pool_3x3"",""normal/5/1/input"":2,""normal/5/1/op"":""dil_conv_5x5"",""reduce/2/0/input"":0,""reduce/2/0/op"":""skip_connect"",""reduce/2/1/input"":1,""reduce/2/1/op"":""skip_connect"",""reduce/3/0/input"":2,""reduce/3/0/op"":""dil_conv_5x5"",""reduce/3/1/input"":1,""reduce/3/1/op"":""sep_conv_5x5"",""reduce/4/0/input"":2,""reduce/4/0/op"":""sep_conv_3x3"",""reduce/4/1/input"":0,""reduce/4/1/op"":""max_pool_3x3"",""reduce/5/0/input"":1,""reduce/5/0/op"":""sep_conv_3x3"",""reduce/5/1/input"":3,""reduce/5/1/op"":""max_pool_3x3""}",0.9681,371788416,2603494
"{""normal/2/0/input"":0,""normal/2/0/op"":""sep_conv_3x3"",""normal/2/1/input"":1,""normal/2/1/op"":""sep_conv_3x3"",""normal/3/0/input"":0,""normal/3/0/op"":""sep_conv_3x3"",""normal/3/1/input"":1,""normal/3/1/op"":""sep_conv_3x3"",""normal/4/0/input"":1,""normal/4/0/op"":""sep_conv_3x3"",""normal/4/1/input"":0,""normal/4/1/op"":""skip_connect"",""normal/5/0/input"":0,""normal/5/0/op"":""skip_connect"",""normal/5/1/input"":2,""normal/5/1/op"":""dil_conv_3x3"",""reduce/2/0/input"":0,""reduce/2/0/op"":""max_pool_3x3"",""reduce/2/1/input"":1,""reduce/2/1/op"":""max_pool_3x3"",""reduce/3/0/input"":2,""reduce/3/0/op"":""skip_connect"",""reduce/3/1/input"":1,""reduce/3/1/op"":""max_pool_3x3"",""reduce/4/0/input"":0,""reduce/4/0/op"":""max_pool_3x3"",""reduce/4/1/input"":2,""reduce/4/1/op"":""skip_connect"",""reduce/5/0/input"":2,""reduce/5/0/op"":""skip_connect"",""reduce/5/1/input"":1,""reduce/5/1/op"":""max_pool_3x3""}",0.9725,507457152,3349342
"{""normal/2/0/input"":0,""normal/2/0/op"":""skip_connect"",""normal/2/1/input"":1,""normal/2/1/op"":""skip_connect"",""normal/3/0/input"":1,""normal/3/0/op"":""sep_conv_3x3"",""normal/3/1/input"":2,""normal/3/1/op"":""max_pool_3x3"",""normal/4/0/input"":2,""normal/4/0/op"":""max_pool_3x3"",""normal/4/1/input"":1,""normal/4/1/op"":""sep_conv_3x3"",""normal/5/0/input"":0,""normal/5/0/op"":""skip_connect"",""normal/5/1/input"":4,""normal/5/1/op"":""dil_conv_3x3"",""reduce/2/0/input"":1,""reduce/2/0/op"":""sep_conv_5x5"",""reduce/2/1/input"":0,""reduce/2/1/op"":""dil_conv_3x3"",""reduce/3/0/input"":0,""reduce/3/0/op"":""skip_connect"",""reduce/3/1/input"":2,""reduce/3/1/op"":""skip_connect"",""reduce/4/0/input"":2,""reduce/4/0/op"":""skip_connect"",""reduce/4/1/input"":0,""reduce/4/1/op"":""sep_conv_3x3"",""reduce/5/0/input"":4,""reduce/5/0/op"":""dil_conv_5x5"",""reduce/5/1/input"":1,""reduce/5/1/op"":""skip_connect""}",0.9711,375852672,2502622
"{""normal/2/0/input"":0,""normal/2/0/op"":""dil_conv_5x5"",""normal/2/1/input"":1,""normal/2/1/op"":""skip_connect"",""normal/3/0/input"":0,""normal/3/0/op"":""skip_connect"",""normal/3/1/input"":2,""normal/3/1/op"":""avg_pool_3x3"",""normal/4/0/input"":1,""normal/4/0/op"":""sep_conv_5x5"",""normal/4/1/input"":0,""normal/4/1/op"":""dil_conv_3x3"",""normal/5/0/input"":3,""normal/5/0/op"":""max_pool_3x3"",""normal/5/1/input"":4,""normal/5/1/op"":""sep_conv_3x3"",""reduce/2/0/input"":1,""reduce/2/0/op"":""avg_pool_3x3"",""reduce/2/1/input"":0,""reduce/2/1/op"":""skip_connect"",""reduce/3/0/input"":0,""reduce/3/0/op"":""sep_conv_3x3"",""reduce/3/1/input"":1,""reduce/3/1/op"":""skip_connect"",""reduce/4/0/input"":2,""reduce/4/0/op"":""sep_conv_3x3"",""reduce/4/1/input"":3,""reduce/4/1/op"":""sep_conv_5x5"",""reduce/5/0/input"":2,""reduce/5/0/op"":""dil_conv_3x3"",""reduce/5/1/input"":1,""reduce/5/1/op"":""sep_conv_3x3""}",0.9687,414393984,2836558
"{""normal/2/0/input"":1,""normal/2/0/op"":""sep_conv_3x3"",""normal/2/1/input"":0,""normal/2/1/op"":""skip_connect"",""normal/3/0/input"":1,""normal/3/0/op"":""max_pool_3x3"",""normal/3/1/input"":0,""normal/3/1/op"":""dil_conv_3x3"",""normal/4/0/input"":1,""normal/4/0/op"":""avg_pool_3x3"",""normal/4/1/input"":3,""normal/4/1/op"":""sep_conv_3x3"",""normal/5/0/input"":2,""normal/5/0/op"":""sep_conv_3x3"",""normal/5/1/input"":1,""normal/5/1/op"":""avg_pool_3x3"",""reduce/2/0/input"":1,""reduce/2/0/op"":""max_pool_3x3"",""reduce/2/1/input"":0,""reduce/2/1/op"":""max_pool_3x3"",""reduce/3/0/input"":1,""reduce/3/0/op"":""max_pool_3x3"",""reduce/3/1/input"":0,""reduce/3/1/op"":""dil_conv_3x3"",""reduce/4/0/input"":3,""reduce/4/0/op"":""max_pool_3x3"",""reduce/4/1/input"":0,""reduce/4/1/op"":""dil_conv_3x3"",""reduce/5/0/input"":0,""reduce/5/0/op"":""sep_conv_5x5"",""reduce/5/1/input"":4,""reduce/5/1/op"":""sep_conv_5x5""}",0.9717,422246016,2813230
"{""normal/2/0/input"":1,""normal/2/0/op"":""dil_conv_5x5"",""normal/2/1/input"":0,""normal/2/1/op"":""avg_pool_3x3"",""normal/3/0/input"":0,""normal/3/0/op"":""skip_connect"",""normal/3/1/input"":2,""normal/3/1/op"":""skip_connect"",""normal/4/0/input"":3,""normal/4/0/op"":""sep_conv_5x5"",""normal/4/1/input"":0,""normal/4/1/op"":""dil_conv_5x5"",""normal/5/0/input"":4,""normal/5/0/op"":""max_pool_3x3"",""normal/5/1/input"":2,""normal/5/1/op"":""max_pool_3x3"",""reduce/2/0/input"":0,""reduce/2/0/op"":""max_pool_3x3"",""reduce/2/1/input"":1,""reduce/2/1/op"":""dil_conv_5x5"",""reduce/3/0/input"":1,""reduce/3/0/op"":""sep_conv_5x5"",""reduce/3/1/input"":2,""reduce/3/1/op"":""dil_conv_5x5"",""reduce/4/0/input"":3,""reduce/4/0/op"":""dil_conv_3x3"",""reduce/4/1/input"":2,""reduce/4/1/op"":""dil_conv_3x3"",""reduce/5/0/input"":2,""reduce/5/0/op"":""sep_conv_5x5"",""reduce/5/1/input"":1,""reduce/5/1/op"":""skip_connect""}",0.9694,357770880,2460070
"{""normal/2/0/input"":1,""normal/2/0/op"":""max_pool_3x3"",""normal/2/1/input"":0,""normal/2/1/op"":""dil_conv_5x5"",""normal/3/0/input"":2,""normal/3/0/op"":""sep_conv_3x3"",""normal/3/1/input"":1,""normal/3/1/op"":""avg_pool_3x3"",""normal/4/0/input"":3,""normal/4/0/op"":""sep_conv_3x3"",""normal/4/1/input"":2,""normal/4/1/op"":""skip_connect"",""normal/5/0/input"":0,""normal/5/0/op"":""avg_pool_3x3"",""normal/5/1/input"":2,""normal/5/1/op"":""avg_pool_3x3"",""reduce/2/0/input"":0,""reduce/2/0/op"":""sep_conv_5x5"",""reduce/2/1/input"":1,""reduce/2/1/op"":""dil_conv_3x3"",""reduce/3/0/input"":2,""reduce/3/0/op"":""dil_conv_5x5"",""reduce/3/1/input"":0,""reduce/3/1/op"":""dil_conv_5x5"",""reduce/4/0/input"":0,""reduce/4/0/op"":""dil_conv_3x3"",""reduce/4/1/input"":3,""reduce/4/1/op"":""sep_conv_3x3"",""reduce/5/0/input"":0,""reduce/5/0/op"":""dil_conv_3x3"",""reduce/5/1/input"":1,""reduce/5/1/op"":""avg_pool_3x3""}",0.965,378506880,2562454
"{""normal/2/0/input"":1,""normal/2/0/op"":""sep_conv_5x5"",""normal/2/1/input"":0,""normal/2/1/op"":""dil_conv_3x3"",""normal/3/0/input"":2,""normal/3/0/op"":""max_pool_3x3"",""normal/3/1/input"":0,""normal/3/1/op"":""dil_conv_5x5"",""normal/4/0/input"":3,""normal/4/0/op"":""sep_conv_3x3"",""normal/4/1/input"":2,""normal/4/1/op"":""max_pool_3x3"",""normal/5/0/input"":2,""normal/5/0/op"":""sep_conv_3x3"",""normal/5/1/input"":1,""normal/5/1/op"":""dil_conv_5x5"",""reduce/2/0/input"":0,""reduce/2/0/op"":""sep_conv_5x5"",""reduce/2/1/input"":1,""reduce/2/1/op"":""sep_conv_3x3"",""reduce/3/0/input"":1,""reduce/3/0/op"":""skip_connect"",""reduce/3/1/input"":0,""reduce/3/1/op"":""dil_conv_5x5"",""reduce/4/0/input"":0,""reduce/4/0/op"":""max_pool_3x3"",""reduce/4/1/input"":2,""reduce/4/1/op"":""sep_conv_5x5"",""reduce/5/0/input"":2,""reduce/5/0/op"":""sep_conv_3x3"",""reduce/5/1/input"":4,""reduce/5/1/op"":""dil_conv_5x5""}",0.9676,489983616,3416302
"{""normal/2/0/input"":0,""normal/2/0/op"":""skip_connect"",""normal/2/1/input"":1,""normal/2/1/op"":""skip_connect"",""normal/3/0/input"":2,""normal/3/0/op"":""sep_conv_5x5"",""normal/3/1/input"":1,""normal/3/1/op"":""dil_conv_3x3"",""normal/4/0/input"":1,""normal/4/0/op"":""avg_pool_3x3"",""normal/4/1/input"":3,""normal/4/1/op"":""skip_connect"",""normal/5/0/input"":2,""normal/5/0/op"":""sep_conv_3x3"",""normal/5/1/input"":4,""normal/5/1/op"":""max_pool_3x3"",""reduce/2/0/input"":1,""reduce/2/0/op"":""avg_pool_3x3"",""reduce/2/1/input"":0,""reduce/2/1/op"":""max_pool_3x3"",""reduce/3/0/input"":0,""reduce/3/0/op"":""dil_conv_3x3"",""reduce/3/1/input"":2,""reduce/3/1/op"":""avg_pool_3x3"",""reduce/4/0/input"":2,""reduce/4/0/op"":""dil_conv_5x5"",""reduce/4/1/input"":1,""reduce/4/1/op"":""dil_conv_5x5"",""reduce/5/0/input"":2,""reduce/5/0/op"":""dil_conv_5x5"",""reduce/5/1/input"":1,""reduce/5/1/op"":""skip_connect""}",0.9699,373143168,2468062
"{""normal/2/0/input"":0,""normal/2/0/op"":""avg_pool_3x3"",""normal/2/1/input"":1,""normal/2/1/op"":""max_pool_3x3"",""normal/3/0/input"":2,""normal/3/0/op"":""dil_conv_5x5"",""normal/3/1/input"":1,""normal/3/1/op"":""sep_conv_3x3"",""normal/4/0/input"":1,""normal/4/0/op"":""dil_conv_5x5"",""normal/4/1/input"":3,""normal/4/1/op"":""sep_conv_5x5"",""normal/5/0/input"":4,""normal/5/0/op"":""avg_pool_3x3"",""normal/5/1/input"":1,""normal/5/1/op"":""dil_conv_5x5"",""reduce/2/0/input"":0,""reduce/2/0/op"":""avg_pool_3x3"",""reduce/2/1/input"":1,""reduce/2/1/op"":""skip_connect"",""reduce/3/0/input"":1,""reduce/3/0/op"":""avg_pool_3x3"",""reduce/3/1/input"":0,""reduce/3/1/op"":""avg_pool_3x3"",""reduce/4/0/input"":0,""reduce/4/0/op"":""avg_pool_3x3"",""reduce/4/1/input"":3,""reduce/4/1/op"":""avg_pool_3x3"",""reduce/5/0/input"":2,""reduce/5/0/op"":""sep_conv_3x3"",""reduce/5/1/input"":4,""reduce/5/1/op"":""sep_conv_3x3""}",0.9665,421416576,2890126
"{""normal/2/0/input"":1,""normal/2/0/op"":""sep_conv_3x3"",""normal/2/1/input"":0,""normal/2/1/op"":""sep_conv_5x5"",""normal/3/0/input"":0,""normal/3/0/op"":""skip_connect"",""normal/3/1/input"":2,""normal/3/1/op"":""max_pool_3x3"",""normal/4/0/input"":0,""normal/4/0/op"":""avg_pool_3x3"",""normal/4/1/input"":2,""normal/4/1/op"":""skip_connect"",""normal/5/0/input"":3,""normal/5/0/op"":""sep_conv_5x5"",""normal/5/1/input"":4,""normal/5/1/op"":""sep_conv_3x3"",""reduce/2/0/input"":0,""reduce/2/0/op"":""skip_connect"",""reduce/2/1/input"":1,""reduce/2/1/op"":""sep_conv_5x5"",""reduce/3/0/input"":2,""reduce/3/0/op"":""sep_conv_5x5"",""reduce/3/1/input"":1,""reduce/3/1/op"":""skip_connect"",""reduce/4/0/input"":3,""reduce/4/0/op"":""skip_connect"",""reduce/4/1/input"":1,""reduce/4/1/op"":""sep_conv_3x3"",""reduce/5/0/input"":0,""reduce/5/0/op"":""dil_conv_5x5"",""reduce/5/1/input"":1,""reduce/5/1/op"":""dil_conv_5x5""}",0.9714,472869504,3206134
"{""normal/2/0/input"":1,""normal/2/0/op"":""sep_conv_5x5"",""normal/2/1/input"":0,""normal/2/1/op"":""skip_connect"",""normal/3/0/input"":0,""normal/3/0/op"":""dil_conv_3x3"",""normal/3/1/input"":2,""normal/3/1/op"":""dil_conv_5x5"",""normal/4/0/input"":0,""normal/4/0/op"":""dil_conv_5x5"",""normal/4/1/input"":3,""normal/4/1/op"":""dil_conv_5x5"",""normal/5/0/input"":1,""normal/5/0/op"":""max_pool_3x3"",""normal/5/1/input"":2,""normal/5/1/op"":""sep_conv_5x5"",""reduce/2/0/input"":1,""reduce/2/0/op"":""avg_pool_3x3"",""reduce/2/1/input"":0,""reduce/2/1/op"":""dil_conv_3x3"",""reduce/3/0/input"":2,""reduce/3/0/op"":""skip_connect"",""reduce/3/1/input"":0,""reduce/3/1/op"":""max_pool_3x3"",""reduce/4/0/input"":3,""reduce/4/0/op"":""skip_connect"",""reduce/4/1/input"":1,""reduce/4/1/op"":""max_pool_3x3"",""reduce/5/0/input"":0,""reduce/5/0/op"":""max_pool_3x3"",""reduce/5/1/input"":1,""reduce/5/1/op"":""sep_conv_5x5""}",0.9713,446382720,3070702
"{""normal/2/0/input"":0,""normal/2/0/op"":""skip_connect"",""normal/2/1/input"":1,""normal/2/1/op"":""dil_conv_3x3"",""normal/3/0/input"":0,""normal/3/0/op"":""dil_conv_5x5"",""normal/3/1/input"":2,""normal/3/1/op"":""sep_conv_3x3"",""normal/4/0/input"":3,""normal/4/0/op"":""sep_conv_5x5"",""normal/4/1/input"":2,""normal/4/1/op"":""sep_conv_5x5"",""normal/5/0/input"":2,""normal/5/0/op"":""skip_connect"",""normal/5/1/input"":1,""normal/5/1/op"":""dil_conv_3x3"",""reduce/2/0/input"":0,""reduce/2/0/op"":""dil_conv_3x3"",""reduce/2/1/input"":1,""reduce/2/1/op"":""sep_conv_5x5"",""reduce/3/0/input"":2,""reduce/3/0/op"":""avg_pool_3x3"",""reduce/3/1/input"":1,""reduce/3/1/op"":""max_pool_3x3"",""reduce/4/0/input"":0,""reduce/4/0/op"":""skip_connect"",""reduce/4/1/input"":2,""reduce/4/1/op"":""dil_conv_5x5"",""reduce/5/0/input"":4,""reduce/5/0/op"":""dil_conv_5x5"",""reduce/5/1/input"":0,""reduce/5/1/op"":""dil_conv_3x3""}",0.9731,484371072,3320398
"{""normal/2/0/input"":0,""normal/2/0/op"":""max_pool_3x3"",""normal/2/1/input"":1,""normal/2/1/op"":""skip_connect"",""normal/3/0/input"":1,""normal/3/0/op"":""dil_conv_3x3"",""normal/3/1/input"":0,""normal/3/1/op"":""skip_connect"",""normal/4/0/input"":1,""normal/4/0/op"":""avg_pool_3x3"",""normal/4/1/input"":3,""normal/4/1/op"":""max_pool_3x3"",""normal/5/0/input"":1,""normal/5/0/op"":""avg_pool_3x3"",""normal/5/1/input"":4,""normal/5/1/op"":""max_pool_3x3"",""reduce/2/0/input"":1,""reduce/2/0/op"":""sep_conv_3x3"",""reduce/2/1/input"":0,""reduce/2/1/op"":""avg_pool_3x3"",""reduce/3/0/input"":1,""reduce/3/0/op"":""skip_connect"",""reduce/3/1/input"":2,""reduce/3/1/op"":""avg_pool_3x3"",""reduce/4/0/input"":0,""reduce/4/0/op"":""dil_conv_5x5"",""reduce/4/1/input"":2,""reduce/4/1/op"":""dil_conv_5x5"",""reduce/5/0/input"":4,""reduce/5/0/op"":""avg_pool_3x3"",""reduce/5/1/input"":2,""reduce/5/1/op"":""dil_conv_3x3""}",0.9635,267334272,1724806
"{""normal/2/0/input"":1,""normal/2/0/op"":""dil_conv_5x5"",""normal/2/1/input"":0,""normal/2/1/op"":""dil_conv_5x5"",""normal/3/0/input"":1,""normal/3/0/op"":""skip_connect"",""normal/3/1/input"":0,""normal/3/1/op"":""sep_conv_3x3"",""normal/4/0/input"":0,""normal/4/0/op"":""avg_pool_3x3"",""normal/4/1/input"":3,""normal/4/1/op"":""sep_conv_5x5"",""normal/5/0/input"":3,""normal/5/0/op"":""sep_conv_3x3"",""normal/5/1/input"":2,""normal/5/1/op"":""avg_pool_3x3"",""reduce/2/0/input"":0,""reduce/2/0/op"":""max_pool_3x3"",""reduce/2/1/input"":1,""reduce/2/1/op"":""max_pool_3x3"",""reduce/3/0/input"":0,""reduce/3/0/op"":""max_pool_3x3"",""reduce/3/1/input"":2,""reduce/3/1/op"":""skip_connect"",""reduce/4/0/input"":2,""reduce/4/0/op"":""dil_conv_3x3"",""reduce/4/1/input"":1,""reduce/4/1/op"":""sep_conv_5x5"",""reduce/5/0/input"":4,""reduce/5/0/op"":""dil_conv_5x5"",""reduce/5/1/input"":0,""reduce/5/1/op"":""dil_conv_5x5""}",0.9707,448981632,3061630
"{""normal/2/0/input"":0,""normal/2/0/op"":""avg_pool_3x3"",""normal/2/1/input"":1,""normal/2/1/op"":""sep_conv_3x3"",""normal/3/0/input"":0,""normal/3/0/op"":""max_pool_3x3"",""normal/3/1/input"":1,""normal/3/1/op"":""avg_pool_3x3"",""normal/4/0/input"":1,""normal/4/0/op"":""max_pool_3x3"",""normal/4/1/input"":0,""normal/4/1/op"":""skip_connect"",""normal/5/0/input"":1,""normal/5/0/op"":""skip_connect"",""normal/5/1/input"":2,""normal/5/1/op"":""sep_conv_5x5"",""reduce/2/0/input"":0,""reduce/2/0/op"":""sep_conv_3x3"",""reduce/2/1/input"":1,""reduce/2/1/op"":""avg_pool_3x3"",""reduce/3/0/input"":1,""reduce/3/0/op"":""sep_conv_3x3"",""reduce/3/1/input"":0,""reduce/3/1/op"":""sep_conv_5x5"",""reduce/4/0/input"":1,""reduce/4/0/op"":""dil_conv_5x5"",""reduce/4/1/input"":3,""reduce/4/1/op"":""sep_conv_5x5"",""reduce/5/0/input"":2,""reduce/5/0/op"":""sep_conv_3x3"",""reduce/5/1/input"":4,""reduce/5/1/op"":""skip_connect""}",0.9723,367309440,2466766
"{""normal/2/0/input"":0,""normal/2/0/op"":""dil_conv_5x5"",""normal/2/1/input"":1,""normal/2/1/op"":""skip_connect"",""normal/3/0/input"":2,""normal/3/0/op"":""avg_pool_3x3"",""normal/3/1/input"":1,""normal/3/1/op"":""skip_connect"",""normal/4/0/input"":0,""normal/4/0/op"":""skip_connect"",""normal/4/1/input"":3,""normal/4/1/op"":""avg_pool_3x3"",""normal/5/0/input"":4,""normal/5/0/op"":""sep_conv_3x3"",""normal/5/1/input"":2,""normal/5/1/op"":""dil_conv_5x5"",""reduce/2/0/input"":0,""reduce/2/0/op"":""avg_pool_3x3"",""reduce/2/1/input"":1,""reduce/2/1/op"":""max_pool_3x3"",""reduce/3/0/input"":1,""reduce/3/0/op"":""sep_conv_3x3"",""reduce/3/1/input"":0,""reduce/3/1/op"":""sep_conv_3x3"",""reduce/4/0/input"":1,""reduce/4/0/op"":""max_pool_3x3"",""reduce/4/1/input"":2,""reduce/4/1/op"":""avg_pool_3x3"",""reduce/5/0/input"":4,""reduce/5/0/op"":""dil_conv_3x3"",""reduce/5/1/input"":3,""reduce/5/1/op"":""avg_pool_3x3""}",0.966,340076160,2279710
"{""normal/2/0/input"":1,""normal/2/0/op"":""dil_conv_5x5"",""normal/2/1/input"":0,""normal/2/1/op"":""sep_conv_5x5"",""normal/3/0/input"":1,""normal/3/0/op"":""dil_conv_3x3"",""normal/3/1/input"":0,""normal/3/1/op"":""sep_conv_5x5"",""normal/4/0/input"":1,""normal/4/0/op"":""avg_pool_3x3"",""normal/4/1/input"":2,""normal/4/1/op"":""skip_connect"",""normal/5/0/input"":4,""normal/5/0/op"":""dil_conv_3x3"",""normal/5/1/input"":1,""normal/5/1/op"":""sep_conv_5x5"",""reduce/2/0/input"":0,""reduce/2/0/op"":""sep_conv_5x5"",""reduce/2/1/input"":1,""reduce/2/1/op"":""avg_pool_3x3"",""reduce/3/0/input"":0,""reduce/3/0/op"":""avg_pool_3x3"",""reduce/3/1/input"":2,""reduce/3/1/op"":""sep_conv_5x5"",""reduce/4/0/input"":0,""reduce/4/0/op"":""sep_conv_3x3"",""reduce/4/1/input"":1,""reduce/4/1/op"":""dil_conv_3x3"",""reduce/5/0/input"":3,""reduce/5/0/op"":""sep_conv_3x3"",""reduce/5/1/input"":1,""reduce/5/1/op"":""avg_pool_3x3""}",0.9681,497061504,3427318
"{""normal/2/0/input"":1,""normal/2/0/op"":""dil_conv_3x3"",""normal/2/1/input"":0,""normal/2/1/op"":""dil_conv_3x3"",""normal/3/0/input"":1,""normal/3/0/op"":""skip_connect"",""normal/3/1/input"":0,""normal/3/1/op"":""avg_pool_3x3"",""normal/4/0/input"":2,""normal/4/0/op"":""avg_pool_3x3"",""normal/4/1/input"":3,""normal/4/1/op"":""avg_pool_3x3"",""normal/5/0/input"":2,""normal/5/0/op"":""sep_conv_5x5"",""normal/5/1/input"":3,""normal/5/1/op"":""avg_pool_3x3"",""reduce/2/0/input"":0,""reduce/2/0/op"":""max_pool_3x3"",""reduce/2/1/input"":1,""reduce/2/1/op"":""sep_conv_3x3"",""reduce/3/0/input"":1,""reduce/3/0/op"":""max_pool_3x3"",""reduce/3/1/input"":2,""reduce/3/1/op"":""skip_connect"",""reduce/4/0/input"":1,""reduce/4/0/op"":""dil_conv_5x5"",""reduce/4/1/input"":2,""reduce/4/1/op"":""sep_conv_3x3"",""reduce/5/0/input"":3,""reduce/5/0/op"":""avg_pool_3x3"",""reduce/5/1/input"":2,""reduce/5/1/op"":""max_pool_3x3""}",0.9673,346269312,2283166
"{""normal/2/0/input"":0,""normal/2/0/op"":""sep_conv_5x5"",""normal/2/1/input"":1,""normal/2/1/op"":""sep_conv_5x5"",""normal/3/0/input"":2,""normal/3/0/op"":""sep_conv_5x5"",""normal/3/1/input"":1,""normal/3/1/op"":""max_pool_3x3"",""normal/4/0/input"":0,""normal/4/0/op"":""dil_conv_3x3"",""normal/4/1/input"":2,""normal/4/1/op"":""dil_conv_5x5"",""normal/5/0/input"":1,""normal/5/0/op"":""skip_connect"",""normal/5/1/input"":3,""normal/5/1/op"":""skip_connect"",""reduce/2/0/input"":0,""reduce/2/0/op"":""sep_conv_3x3"",""reduce/2/1/input"":1,""reduce/2/1/op"":""sep_conv_3x3"",""reduce/3/0/input"":0,""reduce/3/0/op"":""max_pool_3x3"",""reduce/3/1/input"":1,""reduce/3/1/op"":""dil_conv_3x3"",""reduce/4/0/input"":2,""reduce/4/0/op"":""max_pool_3x3"",""reduce/4/1/input"":1,""reduce/4/1/op"":""dil_conv_5x5"",""reduce/5/0/input"":0,""reduce/5/0/op"":""dil_conv_5x5"",""reduce/5/1/input"":1,""reduce/5/1/op"":""avg_pool_3x3""}",0.971,466482816,3183886
"{""normal/2/0/input"":0,""normal/2/0/op"":""max_pool_3x3"",""normal/2/1/input"":1,""normal/2/1/op"":""sep_conv_3x3"",""normal/3/0/input"":2,""normal/3/0/op"":""dil_conv_5x5"",""normal/3/1/input"":1,""normal/3/1/op"":""dil_conv_5x5"",""normal/4/0/input"":2,""normal/4/0/op"":""avg_pool_3x3"",""normal/4/1/input"":1,""normal/4/1/op"":""dil_conv_3x3"",""normal/5/0/input"":1,""normal/5/0/op"":""avg_pool_3x3"",""normal/5/1/input"":3,""normal/5/1/op"":""dil_conv_3x3"",""reduce/2/0/input"":0,""reduce/2/0/op"":""avg_pool_3x3"",""reduce/2/1/input"":1,""reduce/2/1/op"":""dil_conv_5x5"",""reduce/3/0/input"":1,""reduce/3/0/op"":""dil_conv_3x3"",""reduce/3/1/input"":0,""reduce/3/1/op"":""avg_pool_3x3"",""reduce/4/0/input"":2,""reduce/4/0/op"":""sep_conv_3x3"",""reduce/4/1/input"":0,""reduce/4/1/op"":""dil_conv_5x5"",""reduce/5/0/input"":2,""reduce/5/0/op"":""sep_conv_5x5"",""reduce/5/1/input"":0,""reduce/5/1/op"":""sep_conv_3x3""}",0.9689,399159936,2766574
"{""normal/2/0/input"":0,""normal/2/0/op"":""avg_pool_3x3"",""normal/2/1/input"":1,""normal/2/1/op"":""skip_connect"",""normal/3/0/input"":1,""normal/3/0/op"":""sep_conv_5x5"",""normal/3/1/input"":0,""normal/3/1/op"":""dil_conv_3x3"",""normal/4/0/input"":1,""normal/4/0/op"":""max_pool_3x3"",""normal/4/1/input"":0,""normal/4/1/op"":""max_pool_3x3"",""normal/5/0/input"":1,""normal/5/0/op"":""sep_conv_3x3"",""normal/5/1/input"":2,""normal/5/1/op"":""dil_conv_5x5"",""reduce/2/0/input"":1,""reduce/2/0/op"":""dil_conv_3x3"",""reduce/2/1/input"":0,""reduce/2/1/op"":""sep_conv_5x5"",""reduce/3/0/input"":1,""reduce/3/0/op"":""dil_conv_5x5"",""reduce/3/1/input"":2,""reduce/3/1/op"":""avg_pool_3x3"",""reduce/4/0/input"":1,""reduce/4/0/op"":""sep_conv_3x3"",""reduce/4/1/input"":3,""reduce/4/1/op"":""sep_conv_3x3"",""reduce/5/0/input"":0,""reduce/5/0/op"":""dil_conv_3x3"",""reduce/5/1/input"":4,""reduce/5/1/op"":""sep_conv_3x3""}",0.9687,414393984,2843902
"{""normal/2/0/input"":1,""normal/2/0/op"":""max_pool_3x3"",""normal/2/1/input"":0,""normal/2/1/op"":""max_pool_3x3"",""normal/3/0/input"":0,""normal/3/0/op"":""max_pool_3x3"",""normal/3/1/input"":1,""normal/3/1/op"":""avg_pool_3x3"",""normal/4/0/input"":1,""normal/4/0/op"":""dil_conv_5x5"",""normal/4/1/input"":2,""normal/4/1/op"":""dil_conv_3x3"",""normal/5/0/input"":3,""normal/5/0/op"":""avg_pool_3x3"",""normal/5/1/input"":0,""normal/5/1/op"":""sep_conv_3x3"",""reduce/2/0/input"":1,""reduce/2/0/op"":""avg_pool_3x3"",""reduce/2/1/input"":0,""reduce/2/1/op"":""avg_pool_3x3"",""reduce/3/0/input"":2,""reduce/3/0/op"":""skip_connect"",""reduce/3/1/input"":0,""reduce/3/1/op"":""avg_pool_3x3"",""reduce/4/0/input"":0,""reduce/4/0/op"":""avg_pool_3x3"",""reduce/4/1/input"":2,""reduce/4/1/op"":""dil_conv_5x5"",""reduce/5/0/input"":2,""reduce/5/0/op"":""sep_conv_5x5"",""reduce/5/1/input"":1,""reduce/5/1/op"":""sep_conv_3x3""}",0.9642,340518528,2265886
"{""normal/2/0/input"":0,""normal/2/0/op"":""avg_pool_3x3"",""normal/2/1/input"":1,""normal/2/1/op"":""dil_conv_5x5"",""normal/3/0/input"":2,""normal/3/0/op"":""sep_conv_3x3"",""normal/3/1/input"":1,""normal/3/1/op"":""avg_pool_3x3"",""normal/4/0/input"":0,""normal/4/0/op"":""sep_conv_3x3"",""normal/4/1/input"":2,""normal/4/1/op"":""dil_conv_3x3"",""normal/5/0/input"":0,""normal/5/0/op"":""avg_pool_3x3"",""normal/5/1/input"":2,""normal/5/1/op"":""dil_conv_3x3"",""reduce/2/0/input"":0,""reduce/2/0/op"":""max_pool_3x3"",""reduce/2/1/input"":1,""reduce/2/1/op"":""sep_conv_3x3"",""reduce/3/0/input"":1,""reduce/3/0/op"":""skip_connect"",""reduce/3/1/input"":2,""reduce/3/1/op"":""avg_pool_3x3"",""reduce/4/0/input"":0,""reduce/4/0/op"":""dil_conv_5x5"",""reduce/4/1/input"":2,""reduce/4/1/op"":""max_pool_3x3"",""reduce/5/0/input"":1,""reduce/5/0/op"":""dil_conv_3x3"",""reduce/5/1/input"":3,""reduce/5/1/op"":""avg_pool_3x3""}",0.9692,414974592,2796814
"{""normal/2/0/input"":1,""normal/2/0/op"":""skip_connect"",""normal/2/1/input"":0,""normal/2/1/op"":""sep_conv_3x3"",""normal/3/0/input"":1,""normal/3/0/op"":""dil_conv_5x5"",""normal/3/1/input"":0,""normal/3/1/op"":""skip_connect"",""normal/4/0/input"":3,""normal/4/0/op"":""avg_pool_3x3"",""normal/4/1/input"":0,""normal/4/1/op"":""sep_conv_3x3"",""normal/5/0/input"":2,""normal/5/0/op"":""max_pool_3x3"",""normal/5/1/input"":3,""normal/5/1/op"":""sep_conv_5x5"",""reduce/2/0/input"":0,""reduce/2/0/op"":""skip_connect"",""reduce/2/1/input"":1,""reduce/2/1/op"":""sep_conv_3x3"",""reduce/3/0/input"":0,""reduce/3/0/op"":""sep_conv_3x3"",""reduce/3/1/input"":2,""reduce/3/1/op"":""avg_pool_3x3"",""reduce/4/0/input"":3,""reduce/4/0/op"":""max_pool_3x3"",""reduce/4/1/input"":2,""reduce/4/1/op"":""dil_conv_5x5"",""reduce/5/0/input"":0,""reduce/5/0/op"":""max_pool_3x3"",""reduce/5/1/input"":2,""reduce/5/1/op"":""dil_conv_3x3""}",0.9727,430208640,2901790
"{""normal/2/0/input"":1,""normal/2/0/op"":""dil_conv_5x5"",""normal/2/1/input"":0,""normal/2/1/op"":""dil_conv_3x3"",""normal/3/0/input"":0,""normal/3/0/op"":""dil_conv_5x5"",""normal/3/1/input"":2,""normal/3/1/op"":""sep_conv_3x3"",""normal/4/0/input"":2,""normal/4/0/op"":""dil_conv_5x5"",""normal/4/1/input"":3,""normal/4/1/op"":""avg_pool_3x3"",""normal/5/0/input"":3,""normal/5/0/op"":""dil_conv_3x3"",""normal/5/1/input"":0,""normal/5/1/op"":""max_pool_3x3"",""reduce/2/0/input"":1,""reduce/2/0/op"":""sep_conv_3x3"",""reduce/2/1/input"":0,""reduce/2/1/op"":""skip_connect"",""reduce/3/0/input"":0,""reduce/3/0/op"":""dil_conv_3x3"",""reduce/3/1/input"":1,""reduce/3/1/op"":""dil_conv_3x3"",""reduce/4/0/input"":3,""reduce/4/0/op"":""sep_conv_5x5"",""reduce/4/1/input"":2,""reduce/4/1/op"":""dil_conv_5x5"",""reduce/5/0/input"":4,""reduce/5/0/op"":""max_pool_3x3"",""reduce/5/1/input"":3,""reduce/5/1/op"":""skip_connect""}",0.9688,420144768,2936998
"{""normal/2/0/input"":0,""normal/2/0/op"":""max_pool_3x3"",""normal/2/1/input"":1,""normal/2/1/op"":""dil_conv_3x3"",""normal/3/0/input"":0,""normal/3/0/op"":""max_pool_3x3"",""normal/3/1/input"":1,""normal/3/1/op"":""skip_connect"",""normal/4/0/input"":2,""normal/4/0/op"":""max_pool_3x3"",""normal/4/1/input"":3,""normal/4/1/op"":""sep_conv_3x3"",""normal/5/0/input"":1,""normal/5/0/op"":""max_pool_3x3"",""normal/5/1/input"":3,""normal/5/1/op"":""sep_conv_5x5"",""reduce/2/0/input"":0,""reduce/2/0/op"":""dil_conv_5x5"",""reduce/2/1/input"":1,""reduce/2/1/op"":""skip_connect"",""reduce/3/0/input"":0,""reduce/3/0/op"":""sep_conv_5x5"",""reduce/3/1/input"":1,""reduce/3/1/op"":""sep_conv_5x5"",""reduce/4/0/input"":0,""reduce/4/0/op"":""dil_conv_5x5"",""reduce/4/1/input"":2,""reduce/4/1/op"":""dil_conv_3x3"",""reduce/5/0/input"":3,""reduce/5/0/op"":""max_pool_3x3"",""reduce/5/1/input"":2,""reduce/5/1/op"":""sep_conv_3x3""}",0.9681,388045440,2619910
"{""normal/2/0/input"":0,""normal/2/0/op"":""sep_conv_3x3"",""normal/2/1/input"":1,""normal/2/1/op"":""max_pool_3x3"",""normal/3/0/input"":1,""normal/3/0/op"":""sep_conv_3x3"",""normal/3/1/input"":0,""normal/3/1/op"":""avg_pool_3x3"",""normal/4/0/input"":0,""normal/4/0/op"":""sep_conv_5x5"",""normal/4/1/input"":3,""normal/4/1/op"":""avg_pool_3x3"",""normal/5/0/input"":1,""normal/5/0/op"":""skip_connect"",""normal/5/1/input"":4,""normal/5/1/op"":""avg_pool_3x3"",""reduce/2/0/input"":1,""reduce/2/0/op"":""max_pool_3x3"",""reduce/2/1/input"":0,""reduce/2/1/op"":""sep_conv_5x5"",""reduce/3/0/input"":2,""reduce/3/0/op"":""dil_conv_3x3"",""reduce/3/1/input"":0,""reduce/3/1/op"":""max_pool_3x3"",""reduce/4/0/input"":2,""reduce/4/0/op"":""dil_conv_5x5"",""reduce/4/1/input"":3,""reduce/4/1/op"":""sep_conv_5x5"",""reduce/5/0/input"":1,""reduce/5/0/op"":""max_pool_3x3"",""reduce/5/1/input"":2,""reduce/5/1/op"":""sep_conv_3x3""}",0.9708,410108544,2741734
"{""normal/2/0/input"":1,""normal/2/0/op"":""sep_conv_3x3"",""normal/2/1/input"":0,""normal/2/1/op"":""avg_pool_3x3"",""normal/3/0/input"":0,""normal/3/0/op"":""dil_conv_5x5"",""normal/3/1/input"":2,""normal/3/1/op"":""dil_conv_3x3"",""normal/4/0/input"":1,""normal/4/0/op"":""sep_conv_3x3"",""normal/4/1/input"":0,""normal/4/1/op"":""sep_conv_3x3"",""normal/5/0/input"":0,""normal/5/0/op"":""max_pool_3x3"",""normal/5/1/input"":3,""normal/5/1/op"":""dil_conv_5x5"",""reduce/2/0/input"":1,""reduce/2/0/op"":""dil_conv_5x5"",""reduce/2/1/input"":0,""reduce/2/1/op"":""dil_conv_5x5"",""reduce/3/0/input"":1,""reduce/3/0/op"":""dil_conv_5x5"",""reduce/3/1/input"":0,""reduce/3/1/op"":""dil_conv_3x3"",""reduce/4/0/input"":1,""reduce/4/0/op"":""sep_conv_3x3"",""reduce/4/1/input"":2,""reduce/4/1/op"":""sep_conv_3x3"",""reduce/5/0/input"":1,""reduce/5/0/op"":""dil_conv_5x5"",""reduce/5/1/input"":3,""reduce/5/1/op"":""skip_connect""}",0.9688,477099648,3306358
"{""normal/2/0/input"":0,""normal/2/0/op"":""dil_conv_5x5"",""normal/2/1/input"":1,""normal/2/1/op"":""sep_conv_3x3"",""normal/3/0/input"":0,""normal/3/0/op"":""max_pool_3x3"",""normal/3/1/input"":1,""normal/3/1/op"":""avg_pool_3x3"",""normal/4/0/input"":3,""normal/4/0/op"":""avg_pool_3x3"",""normal/4/1/input"":0,""normal/4/1/op"":""sep_conv_5x5"",""normal/5/0/input"":1,""normal/5/0/op"":""dil_conv_3x3"",""normal/5/1/input"":3,""normal/5/1/op"":""skip_connect"",""reduce/2/0/input"":1,""reduce/2/0/op"":""max_pool_3x3"",""reduce/2/1/input"":0,""reduce/2/1/op"":""dil_conv_3x3"",""reduce/3/0/input"":2,""reduce/3/0/op"":""skip_connect"",""reduce/3/1/input"":1,""reduce/3/1/op"":""sep_conv_3x3"",""reduce/4/0/input"":0,""reduce/4/0/op"":""avg_pool_3x3"",""reduce/4/1/input"":2,""reduce/4/1/op"":""avg_pool_3x3"",""reduce/5/0/input"":1,""reduce/5/0/op"":""skip_connect"",""reduce/5/1/input"":0,""reduce/5/1/op"":""dil_conv_3x3""}",0.9675,397279872,2661814
"{""normal/2/0/input"":1,""normal/2/0/op"":""max_pool_3x3"",""normal/2/1/input"":0,""normal/2/1/op"":""max_pool_3x3"",""normal/3/0/input"":0,""normal/3/0/op"":""dil_conv_3x3"",""normal/3/1/input"":1,""normal/3/1/op"":""dil_conv_3x3"",""normal/4/0/input"":2,""normal/4/0/op"":""sep_conv_3x3"",""normal/4/1/input"":3,""normal/4/1/op"":""sep_conv_5x5"",""normal/5/0/input"":4,""normal/5/0/op"":""sep_conv_5x5"",""normal/5/1/input"":2,""normal/5/1/op"":""dil_conv_3x3"",""reduce/2/0/input"":0,""reduce/2/0/op"":""skip_connect"",""reduce/2/1/input"":1,""reduce/2/1/op"":""sep_conv_3x3"",""reduce/3/0/input"":2,""reduce/3/0/op"":""avg_pool_3x3"",""reduce/3/1/input"":1,""reduce/3/1/op"":""dil_conv_3x3"",""reduce/4/0/input"":2,""reduce/4/0/op"":""dil_conv_5x5"",""reduce/4/1/input"":3,""reduce/4/1/op"":""max_pool_3x3"",""reduce/5/0/input"":2,""reduce/5/0/op"":""skip_connect"",""reduce/5/1/input"":4,""reduce/5/1/op"":""sep_conv_3x3""}",0.9698,484177536,3285838
"{""normal/2/0/input"":0,""normal/2/0/op"":""dil_conv_3x3"",""normal/2/1/input"":1,""normal/2/1/op"":""dil_conv_5x5"",""normal/3/0/input"":2,""normal/3/0/op"":""sep_conv_5x5"",""normal/3/1/input"":0,""normal/3/1/op"":""dil_conv_5x5"",""normal/4/0/input"":3,""normal/4/0/op"":""max_pool_3x3"",""normal/4/1/input"":2,""normal/4/1/op"":""skip_connect"",""normal/5/0/input"":3,""normal/5/0/op"":""dil_conv_3x3"",""normal/5/1/input"":0,""normal/5/1/op"":""avg_pool_3x3"",""reduce/2/0/input"":0,""reduce/2/0/op"":""avg_pool_3x3"",""reduce/2/1/input"":1,""reduce/2/1/op"":""sep_conv_3x3"",""reduce/3/0/input"":0,""reduce/3/0/op"":""skip_connect"",""reduce/3/1/input"":1,""reduce/3/1/op"":""dil_conv_3x3"",""reduce/4/0/input"":3,""reduce/4/0/op"":""avg_pool_3x3"",""reduce/4/1/input"":0,""reduce/4/1/op"":""dil_conv_5x5"",""reduce/5/0/input"":4,""reduce/5/0/op"":""sep_conv_3x3"",""reduce/5/1/input"":3,""reduce/5/1/op"":""skip_connect""}",0.9676,399353472,2746054
"{""normal/2/0/input"":0,""normal/2/0/op"":""sep_conv_3x3"",""normal/2/1/input"":1,""normal/2/1/op"":""max_pool_3x3"",""normal/3/0/input"":2,""normal/3/0/op"":""dil_conv_5x5"",""normal/3/1/input"":0,""normal/3/1/op"":""avg_pool_3x3"",""normal/4/0/input"":3,""normal/4/0/op"":""max_pool_3x3"",""normal/4/1/input"":2,""normal/4/1/op"":""avg_pool_3x3"",""normal/5/0/input"":3,""normal/5/0/op"":""sep_conv_5x5"",""normal/5/1/input"":4,""normal/5/1/op"":""sep_conv_3x3"",""reduce/2/0/input"":1,""reduce/2/0/op"":""max_pool_3x3"",""reduce/2/1/input"":0,""reduce/2/1/op"":""sep_conv_3x3"",""reduce/3/0/input"":0,""reduce/3/0/op"":""dil_conv_5x5"",""reduce/3/1/input"":2,""reduce/3/1/op"":""max_pool_3x3"",""reduce/4/0/input"":2,""reduce/4/0/op"":""dil_conv_5x5"",""reduce/4/1/input"":0,""reduce/4/1/op"":""avg_pool_3x3"",""reduce/5/0/input"":4,""reduce/5/0/op"":""max_pool_3x3"",""reduce/5/1/input"":1,""reduce/5/1/op"":""dil_conv_3x3""}",0.9646,424651392,2850598
"{""normal/2/0/input"":1,""normal/2/0/op"":""dil_conv_5x5"",""normal/2/1/input"":0,""normal/2/1/op"":""skip_connect"",""normal/3/0/input"":1,""normal/3/0/op"":""max_pool_3x3"",""normal/3/1/input"":0,""normal/3/1/op"":""sep_conv_5x5"",""normal/4/0/input"":0,""normal/4/0/op"":""dil_conv_5x5"",""normal/4/1/input"":3,""normal/4/1/op"":""dil_conv_3x3"",""normal/5/0/input"":2,""normal/5/0/op"":""dil_conv_3x3"",""normal/5/1/input"":1,""normal/5/1/op"":""max_pool_3x3"",""reduce/2/0/input"":1,""reduce/2/0/op"":""sep_conv_5x5"",""reduce/2/1/input"":0,""reduce/2/1/op"":""dil_conv_3x3"",""reduce/3/0/input"":1,""reduce/3/0/op"":""skip_connect"",""reduce/3/1/input"":2,""reduce/3/1/op"":""max_pool_3x3"",""reduce/4/0/input"":0,""reduce/4/0/op"":""skip_connect"",""reduce/4/1/input"":3,""reduce/4/1/op"":""sep_conv_3x3"",""reduce/5/0/input"":2,""reduce/5/0/op"":""avg_pool_3x3"",""reduce/5/1/input"":3,""reduce/5/1/op"":""dil_conv_5x5""}",0.9704,402450048,2779318
"{""normal/2/0/input"":0,""normal/2/0/op"":""max_pool_3x3"",""normal/2/1/input"":1,""normal/2/1/op"":""sep_conv_3x3"",""normal/3/0/input"":0,""normal/3/0/op"":""dil_conv_3x3"",""normal/3/1/input"":2,""normal/3/1/op"":""sep_conv_5x5"",""normal/4/0/input"":1,""normal/4/0/op"":""sep_conv_5x5"",""normal/4/1/input"":0,""normal/4/1/op"":""skip_connect"",""normal/5/0/input"":3,""normal/5/0/op"":""skip_connect"",""normal/5/1/input"":1,""normal/5/1/op"":""sep_conv_5x5"",""reduce/2/0/input"":0,""reduce/2/0/op"":""avg_pool_3x3"",""reduce/2/1/input"":1,""reduce/2/1/op"":""dil_conv_3x3"",""reduce/3/0/input"":1,""reduce/3/0/op"":""sep_conv_3x3"",""reduce/3/1/input"":2,""reduce/3/1/op"":""dil_conv_3x3"",""reduce/4/0/input"":2,""reduce/4/0/op"":""dil_conv_5x5"",""reduce/4/1/input"":0,""reduce/4/1/op"":""dil_conv_3x3"",""reduce/5/0/input"":4,""reduce/5/0/op"":""sep_conv_5x5"",""reduce/5/1/input"":0,""reduce/5/1/op"":""sep_conv_5x5""}",0.9717,502950528,3434878
"{""normal/2/0/input"":1,""normal/2/0/op"":""dil_conv_5x5"",""normal/2/1/input"":0,""normal/2/1/op"":""sep_conv_5x5"",""normal/3/0/input"":2,""normal/3/0/op"":""dil_conv_3x3"",""normal/3/1/input"":1,""normal/3/1/op"":""avg_pool_3x3"",""normal/4/0/input"":3,""normal/4/0/op"":""sep_conv_3x3"",""normal/4/1/input"":2,""normal/4/1/op"":""skip_connect"",""normal/5/0/input"":1,""normal/5/0/op"":""dil_conv_3x3"",""normal/5/1/input"":3,""normal/5/1/op"":""max_pool_3x3"",""reduce/2/0/input"":1,""reduce/2/0/op"":""sep_conv_5x5"",""reduce/2/1/input"":0,""reduce/2/1/op"":""max_pool_3x3"",""reduce/3/0/input"":1,""reduce/3/0/op"":""max_pool_3x3"",""reduce/3/1/input"":0,""reduce/3/1/op"":""avg_pool_3x3"",""reduce/4/0/input"":0,""reduce/4/0/op"":""dil_conv_5x5"",""reduce/4/1/input"":2,""reduce/4/1/op"":""dil_conv_5x5"",""reduce/5/0/input"":2,""reduce/5/0/op"":""dil_conv_5x5"",""reduce/5/1/input"":1,""reduce/5/1/op"":""dil_conv_3x3""}",0.9637,424264320,2889262
"{""normal/2/0/input"":1,""normal/2/0/op"":""skip_connect"",""normal/2/1/input"":0,""normal/2/1/op"":""sep_conv_3x3"",""normal/3/0/input"":2,""normal/3/0/op"":""dil_conv_3x3"",""normal/3/1/input"":0,""normal/3/1/op"":""avg_pool_3x3"",""normal/4/0/input"":1,""normal/4/0/op"":""dil_conv_3x3"",""normal/4/1/input"":3,""normal/4/1/op"":""dil_conv_3x3"",""normal/5/0/input"":4,""normal/5/0/op"":""avg_pool_3x3"",""normal/5/1/input"":3,""normal/5/1/op"":""dil_conv_5x5"",""reduce/2/0/input"":0,""reduce/2/0/op"":""sep_conv_5x5"",""reduce/2/1/input"":1,""reduce/2/1/op"":""sep_conv_3x3"",""reduce/3/0/input"":1,""reduce/3/0/op"":""max_pool_3x3"",""reduce/3/1/input"":0,""reduce/3/1/op"":""skip_connect"",""reduce/4/0/input"":3,""reduce/4/0/op"":""dil_conv_5x5"",""reduce/4/1/input"":0,""reduce/4/1/op"":""sep_conv_5x5"",""reduce/5/0/input"":2,""reduce/5/0/op"":""avg_pool_3x3"",""reduce/5/1/input"":1,""reduce/5/1/op"":""dil_conv_3x3""}",0.9725,399602304,2743894
"{""normal/2/0/input"":0,""normal/2/0/op"":""skip_connect"",""normal/2/1/input"":1,""normal/2/1/op"":""avg_pool_3x3"",""normal/3/0/input"":1,""normal/3/0/op"":""sep_conv_3x3"",""normal/3/1/input"":0,""normal/3/1/op"":""sep_conv_3x3"",""normal/4/0/input"":1,""normal/4/0/op"":""avg_pool_3x3"",""normal/4/1/input"":3,""normal/4/1/op"":""sep_conv_5x5"",""normal/5/0/input"":4,""normal/5/0/op"":""dil_conv_3x3"",""normal/5/1/input"":2,""normal/5/1/op"":""sep_conv_5x5"",""reduce/2/0/input"":0,""reduce/2/0/op"":""avg_pool_3x3"",""reduce/2/1/input"":1,""reduce/2/1/op"":""sep_conv_5x5"",""reduce/3/0/input"":0,""reduce/3/0/op"":""skip_connect"",""reduce/3/1/input"":2,""reduce/3/1/op"":""sep_conv_3x3"",""reduce/4/0/input"":2,""reduce/4/0/op"":""max_pool_3x3"",""reduce/4/1/input"":0,""reduce/4/1/op"":""dil_conv_3x3"",""reduce/5/0/input"":3,""reduce/5/0/op"":""dil_conv_5x5"",""reduce/5/1/input"":2,""reduce/5/1/op"":""dil_conv_5x5""}",0.9732,490757760,3324502
"{""normal/2/0/input"":0,""normal/2/0/op"":""avg_pool_3x3"",""normal/2/1/input"":1,""normal/2/1/op"":""dil_conv_3x3"",""normal/3/0/input"":0,""normal/3/0/op"":""sep_conv_3x3"",""normal/3/1/input"":2,""normal/3/1/op"":""avg_pool_3x3"",""normal/4/0/input"":0,""normal/4/0/op"":""dil_conv_5x5"",""normal/4/1/input"":1,""normal/4/1/op"":""skip_connect"",""normal/5/0/input"":0,""normal/5/0/op"":""skip_connect"",""normal/5/1/input"":1,""normal/5/1/op"":""sep_conv_3x3"",""reduce/2/0/input"":0,""reduce/2/0/op"":""avg_pool_3x3"",""reduce/2/1/input"":1,""reduce/2/1/op"":""dil_conv_3x3"",""reduce/3/0/input"":2,""reduce/3/0/op"":""dil_conv_5x5"",""reduce/3/1/input"":1,""reduce/3/1/op"":""max_pool_3x3"",""reduce/4/0/input"":0,""reduce/4/0/op"":""max_pool_3x3"",""reduce/4/1/input"":1,""reduce/4/1/op"":""max_pool_3x3"",""reduce/5/0/input"":4,""reduce/5/0/op"":""max_pool_3x3"",""reduce/5/1/input"":2,""reduce/5/1/op"":""avg_pool_3x3""}",0.9704,382875264,2533942
